[   29658ms] [ERROR] Refused to apply style from 'https://soars-uat-lon-webtrader-fx.celer-tech.com/client-theme/build/client.css' because its MIME type ('text/html') is not a supported stylesheet MIME type, and strict MIME checking is enabled. @ https://soars-uat-lon-webtrader-fx.celer-tech.com/:0
[   30329ms] [LOG] href:https://soars-uat-lon-webtrader-fx.celer-tech.com/ @ https://soars-uat-lon-webtrader-fx.celer-tech.com/assets/index-o_Axit1x.js:19
[   30329ms] [LOG] user: @ https://soars-uat-lon-webtrader-fx.celer-tech.com/assets/index-o_Axit1x.js:19
[   30330ms] [LOG] {} @ https://soars-uat-lon-webtrader-fx.celer-tech.com/assets/index-o_Axit1x.js:19
[   30330ms] [LOG] href:https://soars-uat-lon-webtrader-fx.celer-tech.com/ @ https://soars-uat-lon-webtrader-fx.celer-tech.com/assets/index-o_Axit1x.js:19
[   30330ms] [LOG] user: @ https://soars-uat-lon-webtrader-fx.celer-tech.com/assets/index-o_Axit1x.js:19
[   30455ms] [LOG] {serverConfig: Array(247)} @ https://soars-uat-lon-webtrader-fx.celer-tech.com/assets/index-o_Axit1x.js:19
[   30455ms] [LOG] href:https://soars-uat-lon-webtrader-fx.celer-tech.com/ @ https://soars-uat-lon-webtrader-fx.celer-tech.com/assets/index-o_Axit1x.js:19
[   30455ms] [LOG] user: @ https://soars-uat-lon-webtrader-fx.celer-tech.com/assets/index-o_Axit1x.js:19
[   30459ms] [LOG] %c prev state color: #9E9E9E; font-weight: bold {alertModal: Object, alerts: Object, appSettings: Object, auth: Object, autoSpreader: Object} @ https://soars-uat-lon-webtrader-fx.celer-tech.com/assets/index-o_Axit1x.js:5454
[   30459ms] [LOG] %c action     color: #03A9F4; font-weight: bold {type: @@serverConfig/SET_SERVER_CONFIGURATION, payload: Object, @@redux-saga/SAGA_ACTION: true} @ https://soars-uat-lon-webtrader-fx.celer-tech.com/assets/index-o_Axit1x.js:5454
[   30459ms] [LOG] %c next state color: #4CAF50; font-weight: bold {alertModal: Object, alerts: Object, appSettings: Object, auth: Object, autoSpreader: Object} @ https://soars-uat-lon-webtrader-fx.celer-tech.com/assets/index-o_Axit1x.js:5454
[   30459ms] [LOG] %c prev state color: #9E9E9E; font-weight: bold {alertModal: Object, alerts: Object, appSettings: Object, auth: Object, autoSpreader: Object} @ https://soars-uat-lon-webtrader-fx.celer-tech.com/assets/index-o_Axit1x.js:5454
[   30459ms] [LOG] %c action     color: #03A9F4; font-weight: bold {type: @@appSettings/SET_APP_MODE, payload: fx, @@redux-saga/SAGA_ACTION: true} @ https://soars-uat-lon-webtrader-fx.celer-tech.com/assets/index-o_Axit1x.js:5454
[   30459ms] [LOG] %c next state color: #4CAF50; font-weight: bold {alertModal: Object, alerts: Object, appSettings: Object, auth: Object, autoSpreader: Object} @ https://soars-uat-lon-webtrader-fx.celer-tech.com/assets/index-o_Axit1x.js:5454
[   30508ms] [ERROR] Failed to load client theme overrides @ https://soars-uat-lon-webtrader-fx.celer-tech.com/assets/index-o_Axit1x.js:19
[   43833ms] [LOG] href:https://soars-uat-lon-webtrader-fx.celer-tech.com/ @ https://soars-uat-lon-webtrader-fx.celer-tech.com/assets/index-o_Axit1x.js:19
[   43833ms] [LOG] user: @ https://soars-uat-lon-webtrader-fx.celer-tech.com/assets/index-o_Axit1x.js:19
[   43839ms] [LOG] href:https://soars-uat-lon-webtrader-fx.celer-tech.com/ @ https://soars-uat-lon-webtrader-fx.celer-tech.com/assets/index-o_Axit1x.js:19
[   43839ms] [LOG] user: @ https://soars-uat-lon-webtrader-fx.celer-tech.com/assets/index-o_Axit1x.js:19
[   43839ms] [LOG] {password: password, twoFactorToken: , username: demo.web.1} @ https://soars-uat-lon-webtrader-fx.celer-tech.com/assets/index-o_Axit1x.js:19
[   43839ms] [LOG] href:https://soars-uat-lon-webtrader-fx.celer-tech.com/ @ https://soars-uat-lon-webtrader-fx.celer-tech.com/assets/index-o_Axit1x.js:19
[   43839ms] [LOG] user: @ https://soars-uat-lon-webtrader-fx.celer-tech.com/assets/index-o_Axit1x.js:19
[   44620ms] [LOG] {clientRequestId: , username: demo.web.1, loggedIn: true, message: , sessionToken: demo.web.1:5b6a20c6-7518-4a4b-8576-25f4ed85f7b0} @ https://soars-uat-lon-webtrader-fx.celer-tech.com/assets/index-o_Axit1x.js:19
[   44621ms] [LOG] href:https://soars-uat-lon-webtrader-fx.celer-tech.com/ @ https://soars-uat-lon-webtrader-fx.celer-tech.com/assets/index-o_Axit1x.js:19
[   44621ms] [LOG] user: @ https://soars-uat-lon-webtrader-fx.celer-tech.com/assets/index-o_Axit1x.js:19
[   44621ms] [LOG] %c prev state color: #9E9E9E; font-weight: bold {alertModal: Object, alerts: Object, appSettings: Object, auth: Object, autoSpreader: Object} @ https://soars-uat-lon-webtrader-fx.celer-tech.com/assets/index-o_Axit1x.js:5454
[   44621ms] [LOG] %c action     color: #03A9F4; font-weight: bold {type: @@auth/LOGIN_SUCCESS, payload: Object} @ https://soars-uat-lon-webtrader-fx.celer-tech.com/assets/index-o_Axit1x.js:5454
[   44621ms] [LOG] %c next state color: #4CAF50; font-weight: bold {alertModal: Object, alerts: Object, appSettings: Object, auth: Object, autoSpreader: Object} @ https://soars-uat-lon-webtrader-fx.celer-tech.com/assets/index-o_Axit1x.js:5454
[   44621ms] [LOG] %c prev state color: #9E9E9E; font-weight: bold {alertModal: Object, alerts: Object, appSettings: Object, auth: Object, autoSpreader: Object} @ https://soars-uat-lon-webtrader-fx.celer-tech.com/assets/index-o_Axit1x.js:5454
[   44621ms] [LOG] %c action     color: #03A9F4; font-weight: bold {type: @@auth/SET_WS_CONNECTING_DATA, payload: Object, @@redux-saga/SAGA_ACTION: true} @ https://soars-uat-lon-webtrader-fx.celer-tech.com/assets/index-o_Axit1x.js:5454
[   44621ms] [LOG] %c next state color: #4CAF50; font-weight: bold {alertModal: Object, alerts: Object, appSettings: Object, auth: Object, autoSpreader: Object} @ https://soars-uat-lon-webtrader-fx.celer-tech.com/assets/index-o_Axit1x.js:5454
[   44622ms] [LOG] href:https://soars-uat-lon-webtrader-fx.celer-tech.com/ @ https://soars-uat-lon-webtrader-fx.celer-tech.com/assets/index-o_Axit1x.js:19
[   44622ms] [LOG] user: @ https://soars-uat-lon-webtrader-fx.celer-tech.com/assets/index-o_Axit1x.js:19
[   44622ms] [LOG] Error: [WebSocket] Connected
    at webSocketStreamSaga (https://soars-uat-lon-webtrader-fx.celer-tech.com/assets/index-o_Axit1x.js:5554:240691)
    at webSocketStreamSaga.next (<anonymous>)
    at nr (https://soars-uat-lon-webtrader-fx.celer-tech.com/assets/index-o_Axit1x.js:5455:1734)
    at yr (https://soars-uat-lon-webtrader-fx.celer-tech.com/assets/index-o_Axit1x.js:5455:2443)
    at runCallEffect (https://soars-uat-lon-webtrader-fx.celer-tech.com/assets/index-o_Axit1x.js:5452:172587)
    at or (https://soars-uat-lon-webtrader-fx.celer-tech.com/assets/index-o_Axit1x.js:5455:2074)
    at ar (https://soars-uat-lon-webtrader-fx.celer-tech.com/assets/index-o_Axit1x.js:5455:2583)
    at nr (https://soars-uat-lon-webtrader-fx.celer-tech.com/assets/index-o_Axit1x.js:5455:1811)
    at yr (https://soars-uat-lon-webtrader-fx.celer-tech.com/assets/index-o_Axit1x.js:5455:2443)
    at https://soars-uat-lon-webtrader-fx.celer-tech.com/assets/index-o_Axit1x.js:5452:172075 @ https://soars-uat-lon-webtrader-fx.celer-tech.com/assets/index-o_Axit1x.js:19
[   44622ms] [LOG] %c prev state color: #9E9E9E; font-weight: bold {alertModal: Object, alerts: Object, appSettings: Object, auth: Object, autoSpreader: Object} @ https://soars-uat-lon-webtrader-fx.celer-tech.com/assets/index-o_Axit1x.js:5454
[   44622ms] [LOG] %c action     color: #03A9F4; font-weight: bold {type: @@auth/SET_WS_CONNECTED, payload: undefined, @@redux-saga/SAGA_ACTION: true} @ https://soars-uat-lon-webtrader-fx.celer-tech.com/assets/index-o_Axit1x.js:5454
[   44622ms] [LOG] %c next state color: #4CAF50; font-weight: bold {alertModal: Object, alerts: Object, appSettings: Object, auth: Object, autoSpreader: Object} @ https://soars-uat-lon-webtrader-fx.celer-tech.com/assets/index-o_Axit1x.js:5454
[   44623ms] [LOG] %c prev state color: #9E9E9E; font-weight: bold {alertModal: Object, alerts: Object, appSettings: Object, auth: Object, autoSpreader: Object} @ https://soars-uat-lon-webtrader-fx.celer-tech.com/assets/index-o_Axit1x.js:5454
[   44623ms] [LOG] %c action     color: #03A9F4; font-weight: bold {type: @@auth/SET_FETCHING_DATA, payload: Object, @@redux-saga/SAGA_ACTION: true} @ https://soars-uat-lon-webtrader-fx.celer-tech.com/assets/index-o_Axit1x.js:5454
[   44623ms] [LOG] %c next state color: #4CAF50; font-weight: bold {alertModal: Object, alerts: Object, appSettings: Object, auth: Object, autoSpreader: Object} @ https://soars-uat-lon-webtrader-fx.celer-tech.com/assets/index-o_Axit1x.js:5454
[   44623ms] [LOG] %c prev state color: #9E9E9E; font-weight: bold {alertModal: Object, alerts: Object, appSettings: Object, auth: Object, autoSpreader: Object} @ https://soars-uat-lon-webtrader-fx.celer-tech.com/assets/index-o_Axit1x.js:5454
[   44623ms] [LOG] %c action     color: #03A9F4; font-weight: bold {type: @@auth/SET_FETCHING_DATA, payload: Object, @@redux-saga/SAGA_ACTION: true} @ https://soars-uat-lon-webtrader-fx.celer-tech.com/assets/index-o_Axit1x.js:5454
[   44623ms] [LOG] %c next state color: #4CAF50; font-weight: bold {alertModal: Object, alerts: Object, appSettings: Object, auth: Object, autoSpreader: Object} @ https://soars-uat-lon-webtrader-fx.celer-tech.com/assets/index-o_Axit1x.js:5454
[   44623ms] [LOG] %c prev state color: #9E9E9E; font-weight: bold {alertModal: Object, alerts: Object, appSettings: Object, auth: Object, autoSpreader: Object} @ https://soars-uat-lon-webtrader-fx.celer-tech.com/assets/index-o_Axit1x.js:5454
[   44623ms] [LOG] %c action     color: #03A9F4; font-weight: bold {type: @@auth/SET_FETCHING_DATA, payload: Object, @@redux-saga/SAGA_ACTION: true} @ https://soars-uat-lon-webtrader-fx.celer-tech.com/assets/index-o_Axit1x.js:5454
[   44623ms] [LOG] %c next state color: #4CAF50; font-weight: bold {alertModal: Object, alerts: Object, appSettings: Object, auth: Object, autoSpreader: Object} @ https://soars-uat-lon-webtrader-fx.celer-tech.com/assets/index-o_Axit1x.js:5454
[   44623ms] [LOG] %c prev state color: #9E9E9E; font-weight: bold {alertModal: Object, alerts: Object, appSettings: Object, auth: Object, autoSpreader: Object} @ https://soars-uat-lon-webtrader-fx.celer-tech.com/assets/index-o_Axit1x.js:5454
[   44623ms] [LOG] %c action     color: #03A9F4; font-weight: bold {type: @@auth/SET_FETCHING_DATA, payload: Object, @@redux-saga/SAGA_ACTION: true} @ https://soars-uat-lon-webtrader-fx.celer-tech.com/assets/index-o_Axit1x.js:5454
[   44623ms] [LOG] %c next state color: #4CAF50; font-weight: bold {alertModal: Object, alerts: Object, appSettings: Object, auth: Object, autoSpreader: Object} @ https://soars-uat-lon-webtrader-fx.celer-tech.com/assets/index-o_Axit1x.js:5454
[   44623ms] [LOG] %c prev state color: #9E9E9E; font-weight: bold {alertModal: Object, alerts: Object, appSettings: Object, auth: Object, autoSpreader: Object} @ https://soars-uat-lon-webtrader-fx.celer-tech.com/assets/index-o_Axit1x.js:5454
[   44623ms] [LOG] %c action     color: #03A9F4; font-weight: bold {type: @@auth/SET_FETCHING_DATA, payload: Object, @@redux-saga/SAGA_ACTION: true} @ https://soars-uat-lon-webtrader-fx.celer-tech.com/assets/index-o_Axit1x.js:5454
[   44623ms] [LOG] %c next state color: #4CAF50; font-weight: bold {alertModal: Object, alerts: Object, appSettings: Object, auth: Object, autoSpreader: Object} @ https://soars-uat-lon-webtrader-fx.celer-tech.com/assets/index-o_Axit1x.js:5454
[   44624ms] [LOG] %c prev state color: #9E9E9E; font-weight: bold {alertModal: Object, alerts: Object, appSettings: Object, auth: Object, autoSpreader: Object} @ https://soars-uat-lon-webtrader-fx.celer-tech.com/assets/index-o_Axit1x.js:5454
[   44624ms] [LOG] %c action     color: #03A9F4; font-weight: bold {type: @@auth/SET_FETCHING_DATA, payload: Object, @@redux-saga/SAGA_ACTION: true} @ https://soars-uat-lon-webtrader-fx.celer-tech.com/assets/index-o_Axit1x.js:5454
[   44624ms] [LOG] %c next state color: #4CAF50; font-weight: bold {alertModal: Object, alerts: Object, appSettings: Object, auth: Object, autoSpreader: Object} @ https://soars-uat-lon-webtrader-fx.celer-tech.com/assets/index-o_Axit1x.js:5454
[   44624ms] [LOG] href:https://soars-uat-lon-webtrader-fx.celer-tech.com/ @ https://soars-uat-lon-webtrader-fx.celer-tech.com/assets/index-o_Axit1x.js:19
[   44624ms] [LOG] user: @ https://soars-uat-lon-webtrader-fx.celer-tech.com/assets/index-o_Axit1x.js:19
[   44624ms] [LOG] %c prev state color: #9E9E9E; font-weight: bold {alertModal: Object, alerts: Object, appSettings: Object, auth: Object, autoSpreader: Object} @ https://soars-uat-lon-webtrader-fx.celer-tech.com/assets/index-o_Axit1x.js:5454
[   44624ms] [LOG] %c action     color: #03A9F4; font-weight: bold {type: @@auth/SET_FETCHING_DATA, payload: Object, @@redux-saga/SAGA_ACTION: true} @ https://soars-uat-lon-webtrader-fx.celer-tech.com/assets/index-o_Axit1x.js:5454
[   44624ms] [LOG] %c next state color: #4CAF50; font-weight: bold {alertModal: Object, alerts: Object, appSettings: Object, auth: Object, autoSpreader: Object} @ https://soars-uat-lon-webtrader-fx.celer-tech.com/assets/index-o_Axit1x.js:5454
[   44624ms] [LOG] href:https://soars-uat-lon-webtrader-fx.celer-tech.com/ @ https://soars-uat-lon-webtrader-fx.celer-tech.com/assets/index-o_Axit1x.js:19
[   44624ms] [LOG] user: @ https://soars-uat-lon-webtrader-fx.celer-tech.com/assets/index-o_Axit1x.js:19
[   44630ms] [LOG] href:https://soars-uat-lon-webtrader-fx.celer-tech.com/ @ https://soars-uat-lon-webtrader-fx.celer-tech.com/assets/index-o_Axit1x.js:19
[   44630ms] [LOG] user: @ https://soars-uat-lon-webtrader-fx.celer-tech.com/assets/index-o_Axit1x.js:19
[   44630ms] [LOG] {} @ https://soars-uat-lon-webtrader-fx.celer-tech.com/assets/index-o_Axit1x.js:19
[   44630ms] [LOG] href:https://soars-uat-lon-webtrader-fx.celer-tech.com/ @ https://soars-uat-lon-webtrader-fx.celer-tech.com/assets/index-o_Axit1x.js:19
[   44630ms] [LOG] user: @ https://soars-uat-lon-webtrader-fx.celer-tech.com/assets/index-o_Axit1x.js:19
[   44631ms] [LOG] href:https://soars-uat-lon-webtrader-fx.celer-tech.com/ @ https://soars-uat-lon-webtrader-fx.celer-tech.com/assets/index-o_Axit1x.js:19
[   44631ms] [LOG] user: @ https://soars-uat-lon-webtrader-fx.celer-tech.com/assets/index-o_Axit1x.js:19
[   44631ms] [LOG] {} @ https://soars-uat-lon-webtrader-fx.celer-tech.com/assets/index-o_Axit1x.js:19
[   44631ms] [LOG] href:https://soars-uat-lon-webtrader-fx.celer-tech.com/ @ https://soars-uat-lon-webtrader-fx.celer-tech.com/assets/index-o_Axit1x.js:19
[   44631ms] [LOG] user: @ https://soars-uat-lon-webtrader-fx.celer-tech.com/assets/index-o_Axit1x.js:19
[   44631ms] [LOG] href:https://soars-uat-lon-webtrader-fx.celer-tech.com/ @ https://soars-uat-lon-webtrader-fx.celer-tech.com/assets/index-o_Axit1x.js:19
[   44631ms] [LOG] user: @ https://soars-uat-lon-webtrader-fx.celer-tech.com/assets/index-o_Axit1x.js:19
[   44631ms] [LOG] {} @ https://soars-uat-lon-webtrader-fx.celer-tech.com/assets/index-o_Axit1x.js:19
[   44632ms] [LOG] href:https://soars-uat-lon-webtrader-fx.celer-tech.com/ @ https://soars-uat-lon-webtrader-fx.celer-tech.com/assets/index-o_Axit1x.js:19
[   44632ms] [LOG] user: @ https://soars-uat-lon-webtrader-fx.celer-tech.com/assets/index-o_Axit1x.js:19
[   44632ms] [LOG] href:https://soars-uat-lon-webtrader-fx.celer-tech.com/ @ https://soars-uat-lon-webtrader-fx.celer-tech.com/assets/index-o_Axit1x.js:19
[   44632ms] [LOG] user: @ https://soars-uat-lon-webtrader-fx.celer-tech.com/assets/index-o_Axit1x.js:19
[   44632ms] [LOG] {securityId: } @ https://soars-uat-lon-webtrader-fx.celer-tech.com/assets/index-o_Axit1x.js:19
[   44632ms] [LOG] href:https://soars-uat-lon-webtrader-fx.celer-tech.com/ @ https://soars-uat-lon-webtrader-fx.celer-tech.com/assets/index-o_Axit1x.js:19
[   44632ms] [LOG] user: @ https://soars-uat-lon-webtrader-fx.celer-tech.com/assets/index-o_Axit1x.js:19
[   44632ms] [LOG] href:https://soars-uat-lon-webtrader-fx.celer-tech.com/ @ https://soars-uat-lon-webtrader-fx.celer-tech.com/assets/index-o_Axit1x.js:19
[   44632ms] [LOG] user: @ https://soars-uat-lon-webtrader-fx.celer-tech.com/assets/index-o_Axit1x.js:19
[   44632ms] [LOG] {key: TYPE} @ https://soars-uat-lon-webtrader-fx.celer-tech.com/assets/index-o_Axit1x.js:19
[   44632ms] [LOG] href:https://soars-uat-lon-webtrader-fx.celer-tech.com/ @ https://soars-uat-lon-webtrader-fx.celer-tech.com/assets/index-o_Axit1x.js:19
[   44632ms] [LOG] user: @ https://soars-uat-lon-webtrader-fx.celer-tech.com/assets/index-o_Axit1x.js:19
[   44633ms] [LOG] href:https://soars-uat-lon-webtrader-fx.celer-tech.com/ @ https://soars-uat-lon-webtrader-fx.celer-tech.com/assets/index-o_Axit1x.js:19
[   44633ms] [LOG] user: @ https://soars-uat-lon-webtrader-fx.celer-tech.com/assets/index-o_Axit1x.js:19
[   44633ms] [LOG] {} @ https://soars-uat-lon-webtrader-fx.celer-tech.com/assets/index-o_Axit1x.js:19
[   44633ms] [LOG] href:https://soars-uat-lon-webtrader-fx.celer-tech.com/ @ https://soars-uat-lon-webtrader-fx.celer-tech.com/assets/index-o_Axit1x.js:19
[   44633ms] [LOG] user: @ https://soars-uat-lon-webtrader-fx.celer-tech.com/assets/index-o_Axit1x.js:19
[   44684ms] [LOG] href:https://soars-uat-lon-webtrader-fx.celer-tech.com/ @ https://soars-uat-lon-webtrader-fx.celer-tech.com/assets/index-o_Axit1x.js:19
[   44684ms] [LOG] user: @ https://soars-uat-lon-webtrader-fx.celer-tech.com/assets/index-o_Axit1x.js:19
[   44684ms] [WARNING] Error: [WebSocket] Connected
    at onFirstMessage (https://soars-uat-lon-webtrader-fx.celer-tech.com/assets/index-o_Axit1x.js:5554:240095)
    at onFirstMessage.next (<anonymous>)
    at webSocketStreamSaga (https://soars-uat-lon-webtrader-fx.celer-tech.com/assets/index-o_Axit1x.js:5554:241324)
    at webSocketStreamSaga.next (<anonymous>)
    at nr (https://soars-uat-lon-webtrader-fx.celer-tech.com/assets/index-o_Axit1x.js:5455:1734)
    at Object.yr [as cont] (https://soars-uat-lon-webtrader-fx.celer-tech.com/assets/index-o_Axit1x.js:5455:2443)
    at ur (https://soars-uat-lon-webtrader-fx.celer-tech.com/assets/index-o_Axit1x.js:5455:564)
    at Qt.Jt.cont (https://soars-uat-lon-webtrader-fx.celer-tech.com/assets/index-o_Axit1x.js:5452:175904)
    at nr (https://soars-uat-lon-webtrader-fx.celer-tech.com/assets/index-o_Axit1x.js:5455:1795)
    at proc (https://soars-uat-lon-webtrader-fx.celer-tech.com/assets/index-o_Axit1x.js:5455:1485) @ https://soars-uat-lon-webtrader-fx.celer-tech.com/assets/index-o_Axit1x.js:19
[   44684ms] [LOG] %c prev state color: #9E9E9E; font-weight: bold {alertModal: Object, alerts: Object, appSettings: Object, auth: Object, autoSpreader: Object} @ https://soars-uat-lon-webtrader-fx.celer-tech.com/assets/index-o_Axit1x.js:5454
[   44684ms] [LOG] %c action     color: #03A9F4; font-weight: bold {type: @@auth/SET_WS_CONNECTED, payload: undefined, @@redux-saga/SAGA_ACTION: true} @ https://soars-uat-lon-webtrader-fx.celer-tech.com/assets/index-o_Axit1x.js:5454
[   44684ms] [LOG] %c next state color: #4CAF50; font-weight: bold {alertModal: Object, alerts: Object, appSettings: Object, auth: Object, autoSpreader: Object} @ https://soars-uat-lon-webtrader-fx.celer-tech.com/assets/index-o_Axit1x.js:5454
[   44684ms] [LOG] %c prev state color: #9E9E9E; font-weight: bold {alertModal: Object, alerts: Object, appSettings: Object, auth: Object, autoSpreader: Object} @ https://soars-uat-lon-webtrader-fx.celer-tech.com/assets/index-o_Axit1x.js:5454
[   44684ms] [LOG] %c action     color: #03A9F4; font-weight: bold {type: @@auth/UPDATE_WS_CONNECTING_DATA, payload: Object, @@redux-saga/SAGA_ACTION: true} @ https://soars-uat-lon-webtrader-fx.celer-tech.com/assets/index-o_Axit1x.js:5454
[   44684ms] [LOG] %c next state color: #4CAF50; font-weight: bold {alertModal: Object, alerts: Object, appSettings: Object, auth: Object, autoSpreader: Object} @ https://soars-uat-lon-webtrader-fx.celer-tech.com/assets/index-o_Axit1x.js:5454
[   68661ms] [LOG] ClientError: /com.celertech.staticdata.api.user.limit.UserLimitService/findUserLimitsByUsername UNKNOWN: Response closed without headers
    at https://soars-uat-lon-webtrader-fx.celer-tech.com/assets/index-o_Axit1x.js:1666:35833
    at https://soars-uat-lon-webtrader-fx.celer-tech.com/assets/index-o_Axit1x.js:1665:10394
    at Array.forEach (<anonymous>)
    at sr.rawOnError (https://soars-uat-lon-webtrader-fx.celer-tech.com/assets/index-o_Axit1x.js:1665:10355)
    at sr.onTransportEnd (https://soars-uat-lon-webtrader-fx.celer-tech.com/assets/index-o_Axit1x.js:1665:9177)
    at https://soars-uat-lon-webtrader-fx.celer-tech.com/assets/index-o_Axit1x.js:1665:16236 @ https://soars-uat-lon-webtrader-fx.celer-tech.com/assets/index-o_Axit1x.js:19
[   68661ms] [LOG] href:https://soars-uat-lon-webtrader-fx.celer-tech.com/ @ https://soars-uat-lon-webtrader-fx.celer-tech.com/assets/index-o_Axit1x.js:19
[   68661ms] [LOG] user: @ https://soars-uat-lon-webtrader-fx.celer-tech.com/assets/index-o_Axit1x.js:19
[   68661ms] [ERROR] Error: UNARY Client Error: UserLimitService/findUserLimitsByUsername :UNKNOWN: Response closed without headers
    at https://soars-uat-lon-webtrader-fx.celer-tech.com/assets/index-o_Axit1x.js:1666:40306
    at async https://soars-uat-lon-webtrader-fx.celer-tech.com/assets/index-o_Axit1x.js:1666:40747
    at async https://soars-uat-lon-webtrader-fx.celer-tech.com/assets/index-o_Axit1x.js:1666:36192 @ https://soars-uat-lon-webtrader-fx.celer-tech.com/assets/index-o_Axit1x.js:19
[   68661ms] [LOG] ClientError: /com.celertech.staticdata.api.exchange.ExchangeService/findAllExchanges UNKNOWN: Response closed without headers
    at https://soars-uat-lon-webtrader-fx.celer-tech.com/assets/index-o_Axit1x.js:1666:35833
    at https://soars-uat-lon-webtrader-fx.celer-tech.com/assets/index-o_Axit1x.js:1665:10394
    at Array.forEach (<anonymous>)
    at sr.rawOnError (https://soars-uat-lon-webtrader-fx.celer-tech.com/assets/index-o_Axit1x.js:1665:10355)
    at sr.onTransportEnd (https://soars-uat-lon-webtrader-fx.celer-tech.com/assets/index-o_Axit1x.js:1665:9177)
    at https://soars-uat-lon-webtrader-fx.celer-tech.com/assets/index-o_Axit1x.js:1665:16236 @ https://soars-uat-lon-webtrader-fx.celer-tech.com/assets/index-o_Axit1x.js:19
[   68661ms] [LOG] href:https://soars-uat-lon-webtrader-fx.celer-tech.com/ @ https://soars-uat-lon-webtrader-fx.celer-tech.com/assets/index-o_Axit1x.js:19
[   68661ms] [LOG] user: @ https://soars-uat-lon-webtrader-fx.celer-tech.com/assets/index-o_Axit1x.js:19
[   68661ms] [ERROR] Error: UNARY Client Error: ExchangeService/findAllExchanges :UNKNOWN: Response closed without headers
    at https://soars-uat-lon-webtrader-fx.celer-tech.com/assets/index-o_Axit1x.js:1666:40306
    at async https://soars-uat-lon-webtrader-fx.celer-tech.com/assets/index-o_Axit1x.js:1666:40747
    at async https://soars-uat-lon-webtrader-fx.celer-tech.com/assets/index-o_Axit1x.js:1666:36192 @ https://soars-uat-lon-webtrader-fx.celer-tech.com/assets/index-o_Axit1x.js:19
[   68661ms] [LOG] ClientError: /com.celertech.orderrouting.api.destination.DestinationService/findAllDestinationSchemaRequest UNKNOWN: Response closed without headers
    at https://soars-uat-lon-webtrader-fx.celer-tech.com/assets/index-o_Axit1x.js:1666:35833
    at https://soars-uat-lon-webtrader-fx.celer-tech.com/assets/index-o_Axit1x.js:1665:10394
    at Array.forEach (<anonymous>)
    at sr.rawOnError (https://soars-uat-lon-webtrader-fx.celer-tech.com/assets/index-o_Axit1x.js:1665:10355)
    at sr.onTransportEnd (https://soars-uat-lon-webtrader-fx.celer-tech.com/assets/index-o_Axit1x.js:1665:9177)
    at https://soars-uat-lon-webtrader-fx.celer-tech.com/assets/index-o_Axit1x.js:1665:16236 @ https://soars-uat-lon-webtrader-fx.celer-tech.com/assets/index-o_Axit1x.js:19
[   68661ms] [LOG] href:https://soars-uat-lon-webtrader-fx.celer-tech.com/ @ https://soars-uat-lon-webtrader-fx.celer-tech.com/assets/index-o_Axit1x.js:19
[   68661ms] [LOG] user: @ https://soars-uat-lon-webtrader-fx.celer-tech.com/assets/index-o_Axit1x.js:19
[   68661ms] [ERROR] Error: UNARY Client Error: DestinationService/findAllDestinationSchemaRequest :UNKNOWN: Response closed without headers
    at https://soars-uat-lon-webtrader-fx.celer-tech.com/assets/index-o_Axit1x.js:1666:40306
    at async https://soars-uat-lon-webtrader-fx.celer-tech.com/assets/index-o_Axit1x.js:1666:40747
    at async https://soars-uat-lon-webtrader-fx.celer-tech.com/assets/index-o_Axit1x.js:1666:36192 @ https://soars-uat-lon-webtrader-fx.celer-tech.com/assets/index-o_Axit1x.js:19
[   68661ms] [LOG] ClientError: /com.celertech.staticdata.api.configuration.ConfigurationService/findAllFixingSources UNKNOWN: Response closed without headers
    at https://soars-uat-lon-webtrader-fx.celer-tech.com/assets/index-o_Axit1x.js:1666:35833
    at https://soars-uat-lon-webtrader-fx.celer-tech.com/assets/index-o_Axit1x.js:1665:10394
    at Array.forEach (<anonymous>)
    at sr.rawOnError (https://soars-uat-lon-webtrader-fx.celer-tech.com/assets/index-o_Axit1x.js:1665:10355)
    at sr.onTransportEnd (https://soars-uat-lon-webtrader-fx.celer-tech.com/assets/index-o_Axit1x.js:1665:9177)
    at https://soars-uat-lon-webtrader-fx.celer-tech.com/assets/index-o_Axit1x.js:1665:16236 @ https://soars-uat-lon-webtrader-fx.celer-tech.com/assets/index-o_Axit1x.js:19
[   68661ms] [LOG] href:https://soars-uat-lon-webtrader-fx.celer-tech.com/ @ https://soars-uat-lon-webtrader-fx.celer-tech.com/assets/index-o_Axit1x.js:19
[   68661ms] [LOG] user: @ https://soars-uat-lon-webtrader-fx.celer-tech.com/assets/index-o_Axit1x.js:19
[   68661ms] [ERROR] Error: UNARY Client Error: ConfigurationService/findAllFixingSources :UNKNOWN: Response closed without headers
    at https://soars-uat-lon-webtrader-fx.celer-tech.com/assets/index-o_Axit1x.js:1666:40306
    at async https://soars-uat-lon-webtrader-fx.celer-tech.com/assets/index-o_Axit1x.js:1666:40747
    at async https://soars-uat-lon-webtrader-fx.celer-tech.com/assets/index-o_Axit1x.js:1666:36192 @ https://soars-uat-lon-webtrader-fx.celer-tech.com/assets/index-o_Axit1x.js:19
[   68662ms] [LOG] ClientError: /com.celertech.orderrouting.api.destination.DestinationService/findAllDestinations UNKNOWN: Response closed without headers
    at https://soars-uat-lon-webtrader-fx.celer-tech.com/assets/index-o_Axit1x.js:1666:35833
    at https://soars-uat-lon-webtrader-fx.celer-tech.com/assets/index-o_Axit1x.js:1665:10394
    at Array.forEach (<anonymous>)
    at sr.rawOnError (https://soars-uat-lon-webtrader-fx.celer-tech.com/assets/index-o_Axit1x.js:1665:10355)
    at sr.onTransportEnd (https://soars-uat-lon-webtrader-fx.celer-tech.com/assets/index-o_Axit1x.js:1665:9177)
    at https://soars-uat-lon-webtrader-fx.celer-tech.com/assets/index-o_Axit1x.js:1665:16236 @ https://soars-uat-lon-webtrader-fx.celer-tech.com/assets/index-o_Axit1x.js:19
[   68662ms] [LOG] href:https://soars-uat-lon-webtrader-fx.celer-tech.com/ @ https://soars-uat-lon-webtrader-fx.celer-tech.com/assets/index-o_Axit1x.js:19
[   68662ms] [LOG] user: @ https://soars-uat-lon-webtrader-fx.celer-tech.com/assets/index-o_Axit1x.js:19
[   68662ms] [ERROR] Error: UNARY Client Error: DestinationService/findAllDestinations :UNKNOWN: Response closed without headers
    at https://soars-uat-lon-webtrader-fx.celer-tech.com/assets/index-o_Axit1x.js:1666:40306
    at async https://soars-uat-lon-webtrader-fx.celer-tech.com/assets/index-o_Axit1x.js:1666:40747
    at async https://soars-uat-lon-webtrader-fx.celer-tech.com/assets/index-o_Axit1x.js:1666:36192 @ https://soars-uat-lon-webtrader-fx.celer-tech.com/assets/index-o_Axit1x.js:19
[   68662ms] [LOG] ClientError: /com.celertech.staticdata.api.account.property.AccountPropertyService/findAssignedAccountPropertiesByKey UNKNOWN: Response closed without headers
    at https://soars-uat-lon-webtrader-fx.celer-tech.com/assets/index-o_Axit1x.js:1666:35833
    at https://soars-uat-lon-webtrader-fx.celer-tech.com/assets/index-o_Axit1x.js:1665:10394
    at Array.forEach (<anonymous>)
    at sr.rawOnError (https://soars-uat-lon-webtrader-fx.celer-tech.com/assets/index-o_Axit1x.js:1665:10355)
    at sr.onTransportEnd (https://soars-uat-lon-webtrader-fx.celer-tech.com/assets/index-o_Axit1x.js:1665:9177)
    at https://soars-uat-lon-webtrader-fx.celer-tech.com/assets/index-o_Axit1x.js:1665:16236 @ https://soars-uat-lon-webtrader-fx.celer-tech.com/assets/index-o_Axit1x.js:19
[   68662ms] [LOG] href:https://soars-uat-lon-webtrader-fx.celer-tech.com/ @ https://soars-uat-lon-webtrader-fx.celer-tech.com/assets/index-o_Axit1x.js:19
[   68662ms] [LOG] user: @ https://soars-uat-lon-webtrader-fx.celer-tech.com/assets/index-o_Axit1x.js:19
[   68662ms] [ERROR] Error: UNARY Client Error: AccountPropertyService/findAssignedAccountPropertiesByKey :UNKNOWN: Response closed without headers
    at https://soars-uat-lon-webtrader-fx.celer-tech.com/assets/index-o_Axit1x.js:1666:40306
    at async https://soars-uat-lon-webtrader-fx.celer-tech.com/assets/index-o_Axit1x.js:1666:40747
    at async https://soars-uat-lon-webtrader-fx.celer-tech.com/assets/index-o_Axit1x.js:1666:36192 @ https://soars-uat-lon-webtrader-fx.celer-tech.com/assets/index-o_Axit1x.js:19
[   68662ms] [LOG] href:https://soars-uat-lon-webtrader-fx.celer-tech.com/ @ https://soars-uat-lon-webtrader-fx.celer-tech.com/assets/index-o_Axit1x.js:19
[   68662ms] [LOG] user: @ https://soars-uat-lon-webtrader-fx.celer-tech.com/assets/index-o_Axit1x.js:19
[   68662ms] [ERROR] ClientError: /com.celertech.staticdata.api.user.limit.UserLimitService/findUserLimitsByUsername UNKNOWN: Response closed without headers
    at https://soars-uat-lon-webtrader-fx.celer-tech.com/assets/index-o_Axit1x.js:1666:35833
    at https://soars-uat-lon-webtrader-fx.celer-tech.com/assets/index-o_Axit1x.js:1665:10394
    at Array.forEach (<anonymous>)
    at sr.rawOnError (https://soars-uat-lon-webtrader-fx.celer-tech.com/assets/index-o_Axit1x.js:1665:10355)
    at sr.onTransportEnd (https://soars-uat-lon-webtrader-fx.celer-tech.com/assets/index-o_Axit1x.js:1665:9177)
    at https://soars-uat-lon-webtrader-fx.celer-tech.com/assets/index-o_Axit1x.js:1665:16236 @ https://soars-uat-lon-webtrader-fx.celer-tech.com/assets/index-o_Axit1x.js:19
[   68662ms] [LOG] href:https://soars-uat-lon-webtrader-fx.celer-tech.com/ @ https://soars-uat-lon-webtrader-fx.celer-tech.com/assets/index-o_Axit1x.js:19
[   68662ms] [LOG] user: @ https://soars-uat-lon-webtrader-fx.celer-tech.com/assets/index-o_Axit1x.js:19
[   68662ms] [ERROR] ClientError: /com.celertech.staticdata.api.exchange.ExchangeService/findAllExchanges UNKNOWN: Response closed without headers
    at https://soars-uat-lon-webtrader-fx.celer-tech.com/assets/index-o_Axit1x.js:1666:35833
    at https://soars-uat-lon-webtrader-fx.celer-tech.com/assets/index-o_Axit1x.js:1665:10394
    at Array.forEach (<anonymous>)
    at sr.rawOnError (https://soars-uat-lon-webtrader-fx.celer-tech.com/assets/index-o_Axit1x.js:1665:10355)
    at sr.onTransportEnd (https://soars-uat-lon-webtrader-fx.celer-tech.com/assets/index-o_Axit1x.js:1665:9177)
    at https://soars-uat-lon-webtrader-fx.celer-tech.com/assets/index-o_Axit1x.js:1665:16236 @ https://soars-uat-lon-webtrader-fx.celer-tech.com/assets/index-o_Axit1x.js:19
[   68662ms] [LOG] href:https://soars-uat-lon-webtrader-fx.celer-tech.com/ @ https://soars-uat-lon-webtrader-fx.celer-tech.com/assets/index-o_Axit1x.js:19
[   68662ms] [LOG] user: @ https://soars-uat-lon-webtrader-fx.celer-tech.com/assets/index-o_Axit1x.js:19
[   68662ms] [ERROR] ClientError: /com.celertech.orderrouting.api.destination.DestinationService/findAllDestinationSchemaRequest UNKNOWN: Response closed without headers
    at https://soars-uat-lon-webtrader-fx.celer-tech.com/assets/index-o_Axit1x.js:1666:35833
    at https://soars-uat-lon-webtrader-fx.celer-tech.com/assets/index-o_Axit1x.js:1665:10394
    at Array.forEach (<anonymous>)
    at sr.rawOnError (https://soars-uat-lon-webtrader-fx.celer-tech.com/assets/index-o_Axit1x.js:1665:10355)
    at sr.onTransportEnd (https://soars-uat-lon-webtrader-fx.celer-tech.com/assets/index-o_Axit1x.js:1665:9177)
    at https://soars-uat-lon-webtrader-fx.celer-tech.com/assets/index-o_Axit1x.js:1665:16236 @ https://soars-uat-lon-webtrader-fx.celer-tech.com/assets/index-o_Axit1x.js:19
[   68662ms] [LOG] href:https://soars-uat-lon-webtrader-fx.celer-tech.com/ @ https://soars-uat-lon-webtrader-fx.celer-tech.com/assets/index-o_Axit1x.js:19
[   68662ms] [LOG] user: @ https://soars-uat-lon-webtrader-fx.celer-tech.com/assets/index-o_Axit1x.js:19
[   68662ms] [ERROR] ClientError: /com.celertech.staticdata.api.configuration.ConfigurationService/findAllFixingSources UNKNOWN: Response closed without headers
    at https://soars-uat-lon-webtrader-fx.celer-tech.com/assets/index-o_Axit1x.js:1666:35833
    at https://soars-uat-lon-webtrader-fx.celer-tech.com/assets/index-o_Axit1x.js:1665:10394
    at Array.forEach (<anonymous>)
    at sr.rawOnError (https://soars-uat-lon-webtrader-fx.celer-tech.com/assets/index-o_Axit1x.js:1665:10355)
    at sr.onTransportEnd (https://soars-uat-lon-webtrader-fx.celer-tech.com/assets/index-o_Axit1x.js:1665:9177)
    at https://soars-uat-lon-webtrader-fx.celer-tech.com/assets/index-o_Axit1x.js:1665:16236 @ https://soars-uat-lon-webtrader-fx.celer-tech.com/assets/index-o_Axit1x.js:19
[   68662ms] [LOG] href:https://soars-uat-lon-webtrader-fx.celer-tech.com/ @ https://soars-uat-lon-webtrader-fx.celer-tech.com/assets/index-o_Axit1x.js:19
[   68662ms] [LOG] user: @ https://soars-uat-lon-webtrader-fx.celer-tech.com/assets/index-o_Axit1x.js:19
[   68662ms] [ERROR] ClientError: /com.celertech.orderrouting.api.destination.DestinationService/findAllDestinations UNKNOWN: Response closed without headers
    at https://soars-uat-lon-webtrader-fx.celer-tech.com/assets/index-o_Axit1x.js:1666:35833
    at https://soars-uat-lon-webtrader-fx.celer-tech.com/assets/index-o_Axit1x.js:1665:10394
    at Array.forEach (<anonymous>)
    at sr.rawOnError (https://soars-uat-lon-webtrader-fx.celer-tech.com/assets/index-o_Axit1x.js:1665:10355)
    at sr.onTransportEnd (https://soars-uat-lon-webtrader-fx.celer-tech.com/assets/index-o_Axit1x.js:1665:9177)
    at https://soars-uat-lon-webtrader-fx.celer-tech.com/assets/index-o_Axit1x.js:1665:16236 @ https://soars-uat-lon-webtrader-fx.celer-tech.com/assets/index-o_Axit1x.js:19
[   68662ms] [LOG] href:https://soars-uat-lon-webtrader-fx.celer-tech.com/ @ https://soars-uat-lon-webtrader-fx.celer-tech.com/assets/index-o_Axit1x.js:19
[   68662ms] [LOG] user: @ https://soars-uat-lon-webtrader-fx.celer-tech.com/assets/index-o_Axit1x.js:19
[   68662ms] [ERROR] ClientError: /com.celertech.staticdata.api.account.property.AccountPropertyService/findAssignedAccountPropertiesByKey UNKNOWN: Response closed without headers
    at https://soars-uat-lon-webtrader-fx.celer-tech.com/assets/index-o_Axit1x.js:1666:35833
    at https://soars-uat-lon-webtrader-fx.celer-tech.com/assets/index-o_Axit1x.js:1665:10394
    at Array.forEach (<anonymous>)
    at sr.rawOnError (https://soars-uat-lon-webtrader-fx.celer-tech.com/assets/index-o_Axit1x.js:1665:10355)
    at sr.onTransportEnd (https://soars-uat-lon-webtrader-fx.celer-tech.com/assets/index-o_Axit1x.js:1665:9177)
    at https://soars-uat-lon-webtrader-fx.celer-tech.com/assets/index-o_Axit1x.js:1665:16236 @ https://soars-uat-lon-webtrader-fx.celer-tech.com/assets/index-o_Axit1x.js:19
[   68662ms] [LOG] href:https://soars-uat-lon-webtrader-fx.celer-tech.com/ @ https://soars-uat-lon-webtrader-fx.celer-tech.com/assets/index-o_Axit1x.js:19
[   68662ms] [LOG] user: @ https://soars-uat-lon-webtrader-fx.celer-tech.com/assets/index-o_Axit1x.js:19
[   68663ms] [LOG] {} @ https://soars-uat-lon-webtrader-fx.celer-tech.com/assets/index-o_Axit1x.js:19
[   68663ms] [LOG] href:https://soars-uat-lon-webtrader-fx.celer-tech.com/ @ https://soars-uat-lon-webtrader-fx.celer-tech.com/assets/index-o_Axit1x.js:19
[   68663ms] [LOG] user: @ https://soars-uat-lon-webtrader-fx.celer-tech.com/assets/index-o_Axit1x.js:19
[   68663ms] [LOG] href:https://soars-uat-lon-webtrader-fx.celer-tech.com/ @ https://soars-uat-lon-webtrader-fx.celer-tech.com/assets/index-o_Axit1x.js:19
[   68663ms] [LOG] user: @ https://soars-uat-lon-webtrader-fx.celer-tech.com/assets/index-o_Axit1x.js:19
[   68663ms] [LOG] {} @ https://soars-uat-lon-webtrader-fx.celer-tech.com/assets/index-o_Axit1x.js:19
[   68663ms] [LOG] href:https://soars-uat-lon-webtrader-fx.celer-tech.com/ @ https://soars-uat-lon-webtrader-fx.celer-tech.com/assets/index-o_Axit1x.js:19
[   68663ms] [LOG] user: @ https://soars-uat-lon-webtrader-fx.celer-tech.com/assets/index-o_Axit1x.js:19
[   68664ms] [LOG] ClientError: /com.celertech.staticdata.api.user.limit.UserLimitService/findUserLimitsByUsername UNKNOWN: Response closed without headers
    at https://soars-uat-lon-webtrader-fx.celer-tech.com/assets/index-o_Axit1x.js:1666:35833
    at https://soars-uat-lon-webtrader-fx.celer-tech.com/assets/index-o_Axit1x.js:1665:10394
    at Array.forEach (<anonymous>)
    at sr.rawOnError (https://soars-uat-lon-webtrader-fx.celer-tech.com/assets/index-o_Axit1x.js:1665:10355)
    at sr.onTransportEnd (https://soars-uat-lon-webtrader-fx.celer-tech.com/assets/index-o_Axit1x.js:1665:9177)
    at https://soars-uat-lon-webtrader-fx.celer-tech.com/assets/index-o_Axit1x.js:1665:16236 @ https://soars-uat-lon-webtrader-fx.celer-tech.com/assets/index-o_Axit1x.js:19
[   68664ms] [LOG] href:https://soars-uat-lon-webtrader-fx.celer-tech.com/ @ https://soars-uat-lon-webtrader-fx.celer-tech.com/assets/index-o_Axit1x.js:19
[   68664ms] [LOG] user: @ https://soars-uat-lon-webtrader-fx.celer-tech.com/assets/index-o_Axit1x.js:19
[   68664ms] [ERROR] Error: Unhandled saga error for user limits:
    at withLoadingTextAndTiming (https://soars-uat-lon-webtrader-fx.celer-tech.com/assets/index-o_Axit1x.js:5554:57490)
    at withLoadingTextAndTiming.next (<anonymous>)
    at nr (https://soars-uat-lon-webtrader-fx.celer-tech.com/assets/index-o_Axit1x.js:5455:1734)
    at yr (https://soars-uat-lon-webtrader-fx.celer-tech.com/assets/index-o_Axit1x.js:5455:2443)
    at runCancelledEffect (https://soars-uat-lon-webtrader-fx.celer-tech.com/assets/index-o_Axit1x.js:5452:174786)
    at or (https://soars-uat-lon-webtrader-fx.celer-tech.com/assets/index-o_Axit1x.js:5455:2074)
    at ar (https://soars-uat-lon-webtrader-fx.celer-tech.com/assets/index-o_Axit1x.js:5455:2583)
    at nr (https://soars-uat-lon-webtrader-fx.celer-tech.com/assets/index-o_Axit1x.js:5455:1811)
    at yr (https://soars-uat-lon-webtrader-fx.celer-tech.com/assets/index-o_Axit1x.js:5455:2443)
    at https://soars-uat-lon-webtrader-fx.celer-tech.com/assets/index-o_Axit1x.js:5452:171442 @ https://soars-uat-lon-webtrader-fx.celer-tech.com/assets/index-o_Axit1x.js:19
[   68664ms] [LOG] %c prev state color: #9E9E9E; font-weight: bold {alertModal: Object, alerts: Object, appSettings: Object, auth: Object, autoSpreader: Object} @ https://soars-uat-lon-webtrader-fx.celer-tech.com/assets/index-o_Axit1x.js:5454
[   68664ms] [LOG] %c action     color: #03A9F4; font-weight: bold {type: @@auth/UPDATE_FETCHING_DATA, payload: Object, @@redux-saga/SAGA_ACTION: true} @ https://soars-uat-lon-webtrader-fx.celer-tech.com/assets/index-o_Axit1x.js:5454
[   68664ms] [LOG] %c next state color: #4CAF50; font-weight: bold {alertModal: Object, alerts: Object, appSettings: Object, auth: Object, autoSpreader: Object} @ https://soars-uat-lon-webtrader-fx.celer-tech.com/assets/index-o_Axit1x.js:5454
[   68665ms] [LOG] href:https://soars-uat-lon-webtrader-fx.celer-tech.com/ @ https://soars-uat-lon-webtrader-fx.celer-tech.com/assets/index-o_Axit1x.js:19
[   68665ms] [LOG] user: @ https://soars-uat-lon-webtrader-fx.celer-tech.com/assets/index-o_Axit1x.js:19
[   68665ms] [WARNING] Error: No abort tracker found for trackId: 9de97a70-7ef5-4b59-bd48-5363ab467fca
    at Api.abort (https://soars-uat-lon-webtrader-fx.celer-tech.com/assets/index-o_Axit1x.js:1684:1078435)
    at SagaApi.apiCallSaga (https://soars-uat-lon-webtrader-fx.celer-tech.com/assets/index-o_Axit1x.js:1684:1087762)
    at apiCallSaga.next (<anonymous>)
    at fixingSourcesSaga (https://soars-uat-lon-webtrader-fx.celer-tech.com/assets/index-o_Axit1x.js:5554:47864)
    at fixingSourcesSaga.next (<anonymous>)
    at withLoadingTextAndTiming (https://soars-uat-lon-webtrader-fx.celer-tech.com/assets/index-o_Axit1x.js:5554:57463)
    at withLoadingTextAndTiming.next (<anonymous>)
    at nr (https://soars-uat-lon-webtrader-fx.celer-tech.com/assets/index-o_Axit1x.js:5455:1734)
    at yr (https://soars-uat-lon-webtrader-fx.celer-tech.com/assets/index-o_Axit1x.js:5455:2443)
    at runCancelledEffect (https://soars-uat-lon-webtrader-fx.celer-tech.com/assets/index-o_Axit1x.js:5452:174786) @ https://soars-uat-lon-webtrader-fx.celer-tech.com/assets/index-o_Axit1x.js:19
[   68665ms] [LOG] href:https://soars-uat-lon-webtrader-fx.celer-tech.com/ @ https://soars-uat-lon-webtrader-fx.celer-tech.com/assets/index-o_Axit1x.js:19
[   68665ms] [LOG] user: @ https://soars-uat-lon-webtrader-fx.celer-tech.com/assets/index-o_Axit1x.js:19
[   68665ms] [WARNING] Error: [SagaApi] Request configurationService.findAllFixingSources with trackId 9de97a70-7ef5-4b59-bd48-5363ab467fca cancelled
    at SagaApi.apiCallSaga (https://soars-uat-lon-webtrader-fx.celer-tech.com/assets/index-o_Axit1x.js:1684:1087780)
    at apiCallSaga.next (<anonymous>)
    at fixingSourcesSaga (https://soars-uat-lon-webtrader-fx.celer-tech.com/assets/index-o_Axit1x.js:5554:47864)
    at fixingSourcesSaga.next (<anonymous>)
    at withLoadingTextAndTiming (https://soars-uat-lon-webtrader-fx.celer-tech.com/assets/index-o_Axit1x.js:5554:57463)
    at withLoadingTextAndTiming.next (<anonymous>)
    at nr (https://soars-uat-lon-webtrader-fx.celer-tech.com/assets/index-o_Axit1x.js:5455:1734)
    at yr (https://soars-uat-lon-webtrader-fx.celer-tech.com/assets/index-o_Axit1x.js:5455:2443)
    at runCancelledEffect (https://soars-uat-lon-webtrader-fx.celer-tech.com/assets/index-o_Axit1x.js:5452:174786)
    at or (https://soars-uat-lon-webtrader-fx.celer-tech.com/assets/index-o_Axit1x.js:5455:2074) @ https://soars-uat-lon-webtrader-fx.celer-tech.com/assets/index-o_Axit1x.js:19
[   68665ms] [LOG] Error: [SagaApi] Request configurationService.findAllFixingSources with trackId 9de97a70-7ef5-4b59-bd48-5363ab467fca cancelled
    at SagaApi.apiCallSaga (https://soars-uat-lon-webtrader-fx.celer-tech.com/assets/index-o_Axit1x.js:1684:1087780)
    at apiCallSaga.next (<anonymous>)
    at fixingSourcesSaga (https://soars-uat-lon-webtrader-fx.celer-tech.com/assets/index-o_Axit1x.js:5554:47864)
    at fixingSourcesSaga.next (<anonymous>)
    at withLoadingTextAndTiming (https://soars-uat-lon-webtrader-fx.celer-tech.com/assets/index-o_Axit1x.js:5554:57463)
    at withLoadingTextAndTiming.next (<anonymous>)
    at nr (https://soars-uat-lon-webtrader-fx.celer-tech.com/assets/index-o_Axit1x.js:5455:1734)
    at yr (https://soars-uat-lon-webtrader-fx.celer-tech.com/assets/index-o_Axit1x.js:5455:2443)
    at runCancelledEffect (https://soars-uat-lon-webtrader-fx.celer-tech.com/assets/index-o_Axit1x.js:5452:174786)
    at or (https://soars-uat-lon-webtrader-fx.celer-tech.com/assets/index-o_Axit1x.js:5455:2074) @ https://soars-uat-lon-webtrader-fx.celer-tech.com/assets/index-o_Axit1x.js:19
[   68665ms] [LOG] href:https://soars-uat-lon-webtrader-fx.celer-tech.com/ @ https://soars-uat-lon-webtrader-fx.celer-tech.com/assets/index-o_Axit1x.js:19
[   68665ms] [LOG] user: @ https://soars-uat-lon-webtrader-fx.celer-tech.com/assets/index-o_Axit1x.js:19
[   68665ms] [ERROR] Error: Unhandled saga error for fixing sources:
    at withLoadingTextAndTiming (https://soars-uat-lon-webtrader-fx.celer-tech.com/assets/index-o_Axit1x.js:5554:57490)
    at withLoadingTextAndTiming.next (<anonymous>)
    at nr (https://soars-uat-lon-webtrader-fx.celer-tech.com/assets/index-o_Axit1x.js:5455:1734)
    at yr (https://soars-uat-lon-webtrader-fx.celer-tech.com/assets/index-o_Axit1x.js:5455:2443)
    at runCancelledEffect (https://soars-uat-lon-webtrader-fx.celer-tech.com/assets/index-o_Axit1x.js:5452:174786)
    at or (https://soars-uat-lon-webtrader-fx.celer-tech.com/assets/index-o_Axit1x.js:5455:2074)
    at ar (https://soars-uat-lon-webtrader-fx.celer-tech.com/assets/index-o_Axit1x.js:5455:2583)
    at nr (https://soars-uat-lon-webtrader-fx.celer-tech.com/assets/index-o_Axit1x.js:5455:1811)
    at Object.tr [as cancel] (https://soars-uat-lon-webtrader-fx.celer-tech.com/assets/index-o_Axit1x.js:5455:1435)
    at https://soars-uat-lon-webtrader-fx.celer-tech.com/assets/index-o_Axit1x.js:5452:175977 @ https://soars-uat-lon-webtrader-fx.celer-tech.com/assets/index-o_Axit1x.js:19
[   68666ms] [LOG] href:https://soars-uat-lon-webtrader-fx.celer-tech.com/ @ https://soars-uat-lon-webtrader-fx.celer-tech.com/assets/index-o_Axit1x.js:19
[   68666ms] [LOG] user: @ https://soars-uat-lon-webtrader-fx.celer-tech.com/assets/index-o_Axit1x.js:19
[   68666ms] [WARNING] Error: No abort tracker found for trackId: 57fa0d26-ed5e-48c3-82e2-423b472100d2
    at Api.abort (https://soars-uat-lon-webtrader-fx.celer-tech.com/assets/index-o_Axit1x.js:1684:1078435)
    at SagaApi.apiCallSaga (https://soars-uat-lon-webtrader-fx.celer-tech.com/assets/index-o_Axit1x.js:1684:1087762)
    at apiCallSaga.next (<anonymous>)
    at userAccountsAndTypePropertySaga (https://soars-uat-lon-webtrader-fx.celer-tech.com/assets/index-o_Axit1x.js:5554:156804)
    at userAccountsAndTypePropertySaga.next (<anonymous>)
    at withLoadingTextAndTiming (https://soars-uat-lon-webtrader-fx.celer-tech.com/assets/index-o_Axit1x.js:5554:57463)
    at withLoadingTextAndTiming.next (<anonymous>)
    at nr (https://soars-uat-lon-webtrader-fx.celer-tech.com/assets/index-o_Axit1x.js:5455:1734)
    at yr (https://soars-uat-lon-webtrader-fx.celer-tech.com/assets/index-o_Axit1x.js:5455:2443)
    at runCancelledEffect (https://soars-uat-lon-webtrader-fx.celer-tech.com/assets/index-o_Axit1x.js:5452:174786) @ https://soars-uat-lon-webtrader-fx.celer-tech.com/assets/index-o_Axit1x.js:19
[   68666ms] [LOG] href:https://soars-uat-lon-webtrader-fx.celer-tech.com/ @ https://soars-uat-lon-webtrader-fx.celer-tech.com/assets/index-o_Axit1x.js:19
[   68666ms] [LOG] user: @ https://soars-uat-lon-webtrader-fx.celer-tech.com/assets/index-o_Axit1x.js:19
[   68666ms] [WARNING] Error: [SagaApi] Request accountPropertyService.findAssignedAccountPropertiesByKey with trackId 57fa0d26-ed5e-48c3-82e2-423b472100d2 cancelled
    at SagaApi.apiCallSaga (https://soars-uat-lon-webtrader-fx.celer-tech.com/assets/index-o_Axit1x.js:1684:1087780)
    at apiCallSaga.next (<anonymous>)
    at userAccountsAndTypePropertySaga (https://soars-uat-lon-webtrader-fx.celer-tech.com/assets/index-o_Axit1x.js:5554:156804)
    at userAccountsAndTypePropertySaga.next (<anonymous>)
    at withLoadingTextAndTiming (https://soars-uat-lon-webtrader-fx.celer-tech.com/assets/index-o_Axit1x.js:5554:57463)
    at withLoadingTextAndTiming.next (<anonymous>)
    at nr (https://soars-uat-lon-webtrader-fx.celer-tech.com/assets/index-o_Axit1x.js:5455:1734)
    at yr (https://soars-uat-lon-webtrader-fx.celer-tech.com/assets/index-o_Axit1x.js:5455:2443)
    at runCancelledEffect (https://soars-uat-lon-webtrader-fx.celer-tech.com/assets/index-o_Axit1x.js:5452:174786)
    at or (https://soars-uat-lon-webtrader-fx.celer-tech.com/assets/index-o_Axit1x.js:5455:2074) @ https://soars-uat-lon-webtrader-fx.celer-tech.com/assets/index-o_Axit1x.js:19
[   68666ms] [LOG] Error: [SagaApi] Request accountPropertyService.findAssignedAccountPropertiesByKey with trackId 57fa0d26-ed5e-48c3-82e2-423b472100d2 cancelled
    at SagaApi.apiCallSaga (https://soars-uat-lon-webtrader-fx.celer-tech.com/assets/index-o_Axit1x.js:1684:1087780)
    at apiCallSaga.next (<anonymous>)
    at userAccountsAndTypePropertySaga (https://soars-uat-lon-webtrader-fx.celer-tech.com/assets/index-o_Axit1x.js:5554:156804)
    at userAccountsAndTypePropertySaga.next (<anonymous>)
    at withLoadingTextAndTiming (https://soars-uat-lon-webtrader-fx.celer-tech.com/assets/index-o_Axit1x.js:5554:57463)
    at withLoadingTextAndTiming.next (<anonymous>)
    at nr (https://soars-uat-lon-webtrader-fx.celer-tech.com/assets/index-o_Axit1x.js:5455:1734)
    at yr (https://soars-uat-lon-webtrader-fx.celer-tech.com/assets/index-o_Axit1x.js:5455:2443)
    at runCancelledEffect (https://soars-uat-lon-webtrader-fx.celer-tech.com/assets/index-o_Axit1x.js:5452:174786)
    at or (https://soars-uat-lon-webtrader-fx.celer-tech.com/assets/index-o_Axit1x.js:5455:2074) @ https://soars-uat-lon-webtrader-fx.celer-tech.com/assets/index-o_Axit1x.js:19
[   68666ms] [LOG] href:https://soars-uat-lon-webtrader-fx.celer-tech.com/ @ https://soars-uat-lon-webtrader-fx.celer-tech.com/assets/index-o_Axit1x.js:19
[   68666ms] [LOG] user: @ https://soars-uat-lon-webtrader-fx.celer-tech.com/assets/index-o_Axit1x.js:19
[   68666ms] [ERROR] Error: Unhandled saga error for user accounts and properties:
    at withLoadingTextAndTiming (https://soars-uat-lon-webtrader-fx.celer-tech.com/assets/index-o_Axit1x.js:5554:57490)
    at withLoadingTextAndTiming.next (<anonymous>)
    at nr (https://soars-uat-lon-webtrader-fx.celer-tech.com/assets/index-o_Axit1x.js:5455:1734)
    at yr (https://soars-uat-lon-webtrader-fx.celer-tech.com/assets/index-o_Axit1x.js:5455:2443)
    at runCancelledEffect (https://soars-uat-lon-webtrader-fx.celer-tech.com/assets/index-o_Axit1x.js:5452:174786)
    at or (https://soars-uat-lon-webtrader-fx.celer-tech.com/assets/index-o_Axit1x.js:5455:2074)
    at ar (https://soars-uat-lon-webtrader-fx.celer-tech.com/assets/index-o_Axit1x.js:5455:2583)
    at nr (https://soars-uat-lon-webtrader-fx.celer-tech.com/assets/index-o_Axit1x.js:5455:1811)
    at Object.tr [as cancel] (https://soars-uat-lon-webtrader-fx.celer-tech.com/assets/index-o_Axit1x.js:5455:1435)
    at https://soars-uat-lon-webtrader-fx.celer-tech.com/assets/index-o_Axit1x.js:5452:175977 @ https://soars-uat-lon-webtrader-fx.celer-tech.com/assets/index-o_Axit1x.js:19
[   68667ms] [LOG] href:https://soars-uat-lon-webtrader-fx.celer-tech.com/ @ https://soars-uat-lon-webtrader-fx.celer-tech.com/assets/index-o_Axit1x.js:19
[   68667ms] [LOG] user: @ https://soars-uat-lon-webtrader-fx.celer-tech.com/assets/index-o_Axit1x.js:19
[   68667ms] [WARNING] Error: No abort tracker found for trackId: 479862cc-8ce1-4129-8d6c-effaf6948405
    at Api.abort (https://soars-uat-lon-webtrader-fx.celer-tech.com/assets/index-o_Axit1x.js:1684:1078435)
    at SagaApi.apiCallSaga (https://soars-uat-lon-webtrader-fx.celer-tech.com/assets/index-o_Axit1x.js:1684:1087762)
    at apiCallSaga.next (<anonymous>)
    at exchangesSaga (https://soars-uat-lon-webtrader-fx.celer-tech.com/assets/index-o_Axit1x.js:5554:47713)
    at exchangesSaga.next (<anonymous>)
    at withLoadingTextAndTiming (https://soars-uat-lon-webtrader-fx.celer-tech.com/assets/index-o_Axit1x.js:5554:57463)
    at withLoadingTextAndTiming.next (<anonymous>)
    at nr (https://soars-uat-lon-webtrader-fx.celer-tech.com/assets/index-o_Axit1x.js:5455:1734)
    at yr (https://soars-uat-lon-webtrader-fx.celer-tech.com/assets/index-o_Axit1x.js:5455:2443)
    at runCancelledEffect (https://soars-uat-lon-webtrader-fx.celer-tech.com/assets/index-o_Axit1x.js:5452:174786) @ https://soars-uat-lon-webtrader-fx.celer-tech.com/assets/index-o_Axit1x.js:19
[   68667ms] [LOG] href:https://soars-uat-lon-webtrader-fx.celer-tech.com/ @ https://soars-uat-lon-webtrader-fx.celer-tech.com/assets/index-o_Axit1x.js:19
[   68667ms] [LOG] user: @ https://soars-uat-lon-webtrader-fx.celer-tech.com/assets/index-o_Axit1x.js:19
[   68667ms] [WARNING] Error: [SagaApi] Request exchangeService.findAllExchanges with trackId 479862cc-8ce1-4129-8d6c-effaf6948405 cancelled
    at SagaApi.apiCallSaga (https://soars-uat-lon-webtrader-fx.celer-tech.com/assets/index-o_Axit1x.js:1684:1087780)
    at apiCallSaga.next (<anonymous>)
    at exchangesSaga (https://soars-uat-lon-webtrader-fx.celer-tech.com/assets/index-o_Axit1x.js:5554:47713)
    at exchangesSaga.next (<anonymous>)
    at withLoadingTextAndTiming (https://soars-uat-lon-webtrader-fx.celer-tech.com/assets/index-o_Axit1x.js:5554:57463)
    at withLoadingTextAndTiming.next (<anonymous>)
    at nr (https://soars-uat-lon-webtrader-fx.celer-tech.com/assets/index-o_Axit1x.js:5455:1734)
    at yr (https://soars-uat-lon-webtrader-fx.celer-tech.com/assets/index-o_Axit1x.js:5455:2443)
    at runCancelledEffect (https://soars-uat-lon-webtrader-fx.celer-tech.com/assets/index-o_Axit1x.js:5452:174786)
    at or (https://soars-uat-lon-webtrader-fx.celer-tech.com/assets/index-o_Axit1x.js:5455:2074) @ https://soars-uat-lon-webtrader-fx.celer-tech.com/assets/index-o_Axit1x.js:19
[   68667ms] [LOG] Error: [SagaApi] Request exchangeService.findAllExchanges with trackId 479862cc-8ce1-4129-8d6c-effaf6948405 cancelled
    at SagaApi.apiCallSaga (https://soars-uat-lon-webtrader-fx.celer-tech.com/assets/index-o_Axit1x.js:1684:1087780)
    at apiCallSaga.next (<anonymous>)
    at exchangesSaga (https://soars-uat-lon-webtrader-fx.celer-tech.com/assets/index-o_Axit1x.js:5554:47713)
    at exchangesSaga.next (<anonymous>)
    at withLoadingTextAndTiming (https://soars-uat-lon-webtrader-fx.celer-tech.com/assets/index-o_Axit1x.js:5554:57463)
    at withLoadingTextAndTiming.next (<anonymous>)
    at nr (https://soars-uat-lon-webtrader-fx.celer-tech.com/assets/index-o_Axit1x.js:5455:1734)
    at yr (https://soars-uat-lon-webtrader-fx.celer-tech.com/assets/index-o_Axit1x.js:5455:2443)
    at runCancelledEffect (https://soars-uat-lon-webtrader-fx.celer-tech.com/assets/index-o_Axit1x.js:5452:174786)
    at or (https://soars-uat-lon-webtrader-fx.celer-tech.com/assets/index-o_Axit1x.js:5455:2074) @ https://soars-uat-lon-webtrader-fx.celer-tech.com/assets/index-o_Axit1x.js:19
[   68667ms] [LOG] href:https://soars-uat-lon-webtrader-fx.celer-tech.com/ @ https://soars-uat-lon-webtrader-fx.celer-tech.com/assets/index-o_Axit1x.js:19
[   68667ms] [LOG] user: @ https://soars-uat-lon-webtrader-fx.celer-tech.com/assets/index-o_Axit1x.js:19
[   68667ms] [ERROR] Error: Unhandled saga error for exchanges:
    at withLoadingTextAndTiming (https://soars-uat-lon-webtrader-fx.celer-tech.com/assets/index-o_Axit1x.js:5554:57490)
    at withLoadingTextAndTiming.next (<anonymous>)
    at nr (https://soars-uat-lon-webtrader-fx.celer-tech.com/assets/index-o_Axit1x.js:5455:1734)
    at yr (https://soars-uat-lon-webtrader-fx.celer-tech.com/assets/index-o_Axit1x.js:5455:2443)
    at runCancelledEffect (https://soars-uat-lon-webtrader-fx.celer-tech.com/assets/index-o_Axit1x.js:5452:174786)
    at or (https://soars-uat-lon-webtrader-fx.celer-tech.com/assets/index-o_Axit1x.js:5455:2074)
    at ar (https://soars-uat-lon-webtrader-fx.celer-tech.com/assets/index-o_Axit1x.js:5455:2583)
    at nr (https://soars-uat-lon-webtrader-fx.celer-tech.com/assets/index-o_Axit1x.js:5455:1811)
    at Object.tr [as cancel] (https://soars-uat-lon-webtrader-fx.celer-tech.com/assets/index-o_Axit1x.js:5455:1435)
    at https://soars-uat-lon-webtrader-fx.celer-tech.com/assets/index-o_Axit1x.js:5452:175977 @ https://soars-uat-lon-webtrader-fx.celer-tech.com/assets/index-o_Axit1x.js:19
[   68668ms] [LOG] href:https://soars-uat-lon-webtrader-fx.celer-tech.com/ @ https://soars-uat-lon-webtrader-fx.celer-tech.com/assets/index-o_Axit1x.js:19
[   68668ms] [LOG] user: @ https://soars-uat-lon-webtrader-fx.celer-tech.com/assets/index-o_Axit1x.js:19
[   68668ms] [WARNING] Error: [SagaApi] Request marketDataService.subscribeToPrices with trackId 4c402383-8695-400d-b53e-4b8becd134bd cancelled
    at SagaApi.apiCallSaga (https://soars-uat-lon-webtrader-fx.celer-tech.com/assets/index-o_Axit1x.js:1684:1087780)
    at apiCallSaga.next (<anonymous>)
    at pricesSaga (https://soars-uat-lon-webtrader-fx.celer-tech.com/assets/index-o_Axit1x.js:5554:153539)
    at pricesSaga.next (<anonymous>)
    at withLoadingTextAndTiming (https://soars-uat-lon-webtrader-fx.celer-tech.com/assets/index-o_Axit1x.js:5554:57463)
    at withLoadingTextAndTiming.next (<anonymous>)
    at nr (https://soars-uat-lon-webtrader-fx.celer-tech.com/assets/index-o_Axit1x.js:5455:1734)
    at yr (https://soars-uat-lon-webtrader-fx.celer-tech.com/assets/index-o_Axit1x.js:5455:2443)
    at runCancelledEffect (https://soars-uat-lon-webtrader-fx.celer-tech.com/assets/index-o_Axit1x.js:5452:174786)
    at or (https://soars-uat-lon-webtrader-fx.celer-tech.com/assets/index-o_Axit1x.js:5455:2074) @ https://soars-uat-lon-webtrader-fx.celer-tech.com/assets/index-o_Axit1x.js:19
[   68668ms] [LOG] Error: [SagaApi] Request marketDataService.subscribeToPrices with trackId 4c402383-8695-400d-b53e-4b8becd134bd cancelled
    at SagaApi.apiCallSaga (https://soars-uat-lon-webtrader-fx.celer-tech.com/assets/index-o_Axit1x.js:1684:1087780)
    at apiCallSaga.next (<anonymous>)
    at pricesSaga (https://soars-uat-lon-webtrader-fx.celer-tech.com/assets/index-o_Axit1x.js:5554:153539)
    at pricesSaga.next (<anonymous>)
    at withLoadingTextAndTiming (https://soars-uat-lon-webtrader-fx.celer-tech.com/assets/index-o_Axit1x.js:5554:57463)
    at withLoadingTextAndTiming.next (<anonymous>)
    at nr (https://soars-uat-lon-webtrader-fx.celer-tech.com/assets/index-o_Axit1x.js:5455:1734)
    at yr (https://soars-uat-lon-webtrader-fx.celer-tech.com/assets/index-o_Axit1x.js:5455:2443)
    at runCancelledEffect (https://soars-uat-lon-webtrader-fx.celer-tech.com/assets/index-o_Axit1x.js:5452:174786)
    at or (https://soars-uat-lon-webtrader-fx.celer-tech.com/assets/index-o_Axit1x.js:5455:2074) @ https://soars-uat-lon-webtrader-fx.celer-tech.com/assets/index-o_Axit1x.js:19
[   68668ms] [LOG] href:https://soars-uat-lon-webtrader-fx.celer-tech.com/ @ https://soars-uat-lon-webtrader-fx.celer-tech.com/assets/index-o_Axit1x.js:19
[   68668ms] [LOG] user: @ https://soars-uat-lon-webtrader-fx.celer-tech.com/assets/index-o_Axit1x.js:19
[   68668ms] [ERROR] Error: Unhandled saga error for prices subscription:
    at withLoadingTextAndTiming (https://soars-uat-lon-webtrader-fx.celer-tech.com/assets/index-o_Axit1x.js:5554:57490)
    at withLoadingTextAndTiming.next (<anonymous>)
    at nr (https://soars-uat-lon-webtrader-fx.celer-tech.com/assets/index-o_Axit1x.js:5455:1734)
    at yr (https://soars-uat-lon-webtrader-fx.celer-tech.com/assets/index-o_Axit1x.js:5455:2443)
    at runCancelledEffect (https://soars-uat-lon-webtrader-fx.celer-tech.com/assets/index-o_Axit1x.js:5452:174786)
    at or (https://soars-uat-lon-webtrader-fx.celer-tech.com/assets/index-o_Axit1x.js:5455:2074)
    at ar (https://soars-uat-lon-webtrader-fx.celer-tech.com/assets/index-o_Axit1x.js:5455:2583)
    at nr (https://soars-uat-lon-webtrader-fx.celer-tech.com/assets/index-o_Axit1x.js:5455:1811)
    at Object.tr [as cancel] (https://soars-uat-lon-webtrader-fx.celer-tech.com/assets/index-o_Axit1x.js:5455:1435)
    at https://soars-uat-lon-webtrader-fx.celer-tech.com/assets/index-o_Axit1x.js:5452:175977 @ https://soars-uat-lon-webtrader-fx.celer-tech.com/assets/index-o_Axit1x.js:19
[   68668ms] [LOG] href:https://soars-uat-lon-webtrader-fx.celer-tech.com/ @ https://soars-uat-lon-webtrader-fx.celer-tech.com/assets/index-o_Axit1x.js:19
[   68668ms] [LOG] user: @ https://soars-uat-lon-webtrader-fx.celer-tech.com/assets/index-o_Axit1x.js:19
[   68668ms] [WARNING] Error: [SagaApi] Request userPropertyService.findUserPropertiesByUsername with trackId 23ffe2d1-a4c9-432d-82e3-97695a6b539b cancelled
    at SagaApi.apiCallSaga (https://soars-uat-lon-webtrader-fx.celer-tech.com/assets/index-o_Axit1x.js:1684:1087780)
    at apiCallSaga.next (<anonymous>)
    at userPropertiesSaga (https://soars-uat-lon-webtrader-fx.celer-tech.com/assets/index-o_Axit1x.js:5554:168410)
    at userPropertiesSaga.next (<anonymous>)
    at withLoadingTextAndTiming (https://soars-uat-lon-webtrader-fx.celer-tech.com/assets/index-o_Axit1x.js:5554:57463)
    at withLoadingTextAndTiming.next (<anonymous>)
    at nr (https://soars-uat-lon-webtrader-fx.celer-tech.com/assets/index-o_Axit1x.js:5455:1734)
    at yr (https://soars-uat-lon-webtrader-fx.celer-tech.com/assets/index-o_Axit1x.js:5455:2443)
    at runCancelledEffect (https://soars-uat-lon-webtrader-fx.celer-tech.com/assets/index-o_Axit1x.js:5452:174786)
    at or (https://soars-uat-lon-webtrader-fx.celer-tech.com/assets/index-o_Axit1x.js:5455:2074) @ https://soars-uat-lon-webtrader-fx.celer-tech.com/assets/index-o_Axit1x.js:19
[   68669ms] [LOG] Error: [SagaApi] Request userPropertyService.findUserPropertiesByUsername with trackId 23ffe2d1-a4c9-432d-82e3-97695a6b539b cancelled
    at SagaApi.apiCallSaga (https://soars-uat-lon-webtrader-fx.celer-tech.com/assets/index-o_Axit1x.js:1684:1087780)
    at apiCallSaga.next (<anonymous>)
    at userPropertiesSaga (https://soars-uat-lon-webtrader-fx.celer-tech.com/assets/index-o_Axit1x.js:5554:168410)
    at userPropertiesSaga.next (<anonymous>)
    at withLoadingTextAndTiming (https://soars-uat-lon-webtrader-fx.celer-tech.com/assets/index-o_Axit1x.js:5554:57463)
    at withLoadingTextAndTiming.next (<anonymous>)
    at nr (https://soars-uat-lon-webtrader-fx.celer-tech.com/assets/index-o_Axit1x.js:5455:1734)
    at yr (https://soars-uat-lon-webtrader-fx.celer-tech.com/assets/index-o_Axit1x.js:5455:2443)
    at runCancelledEffect (https://soars-uat-lon-webtrader-fx.celer-tech.com/assets/index-o_Axit1x.js:5452:174786)
    at or (https://soars-uat-lon-webtrader-fx.celer-tech.com/assets/index-o_Axit1x.js:5455:2074) @ https://soars-uat-lon-webtrader-fx.celer-tech.com/assets/index-o_Axit1x.js:19
[   68669ms] [LOG] href:https://soars-uat-lon-webtrader-fx.celer-tech.com/ @ https://soars-uat-lon-webtrader-fx.celer-tech.com/assets/index-o_Axit1x.js:19
[   68669ms] [LOG] user: @ https://soars-uat-lon-webtrader-fx.celer-tech.com/assets/index-o_Axit1x.js:19
[   68669ms] [ERROR] Error: Unhandled saga error for user properties:
    at withLoadingTextAndTiming (https://soars-uat-lon-webtrader-fx.celer-tech.com/assets/index-o_Axit1x.js:5554:57490)
    at withLoadingTextAndTiming.next (<anonymous>)
    at nr (https://soars-uat-lon-webtrader-fx.celer-tech.com/assets/index-o_Axit1x.js:5455:1734)
    at yr (https://soars-uat-lon-webtrader-fx.celer-tech.com/assets/index-o_Axit1x.js:5455:2443)
    at runCancelledEffect (https://soars-uat-lon-webtrader-fx.celer-tech.com/assets/index-o_Axit1x.js:5452:174786)
    at or (https://soars-uat-lon-webtrader-fx.celer-tech.com/assets/index-o_Axit1x.js:5455:2074)
    at ar (https://soars-uat-lon-webtrader-fx.celer-tech.com/assets/index-o_Axit1x.js:5455:2583)
    at nr (https://soars-uat-lon-webtrader-fx.celer-tech.com/assets/index-o_Axit1x.js:5455:1811)
    at Object.tr [as cancel] (https://soars-uat-lon-webtrader-fx.celer-tech.com/assets/index-o_Axit1x.js:5455:1435)
    at https://soars-uat-lon-webtrader-fx.celer-tech.com/assets/index-o_Axit1x.js:5452:175977 @ https://soars-uat-lon-webtrader-fx.celer-tech.com/assets/index-o_Axit1x.js:19
[   68669ms] [LOG] href:https://soars-uat-lon-webtrader-fx.celer-tech.com/ @ https://soars-uat-lon-webtrader-fx.celer-tech.com/assets/index-o_Axit1x.js:19
[   68669ms] [LOG] user: @ https://soars-uat-lon-webtrader-fx.celer-tech.com/assets/index-o_Axit1x.js:19
[   68669ms] [ERROR] Error: [rootSaga] Fatal error
    at rootSaga (https://soars-uat-lon-webtrader-fx.celer-tech.com/assets/index-o_Axit1x.js:5554:244069)
    at rootSaga.throw (<anonymous>)
    at nr (https://soars-uat-lon-webtrader-fx.celer-tech.com/assets/index-o_Axit1x.js:5455:1537)
    at Object.yr [as cont] (https://soars-uat-lon-webtrader-fx.celer-tech.com/assets/index-o_Axit1x.js:5455:2443)
    at ur (https://soars-uat-lon-webtrader-fx.celer-tech.com/assets/index-o_Axit1x.js:5455:564)
    at zt (https://soars-uat-lon-webtrader-fx.celer-tech.com/assets/index-o_Axit1x.js:5452:175770)
    at Qt.Jt.cont (https://soars-uat-lon-webtrader-fx.celer-tech.com/assets/index-o_Axit1x.js:5452:175865)
    at nr (https://soars-uat-lon-webtrader-fx.celer-tech.com/assets/index-o_Axit1x.js:5455:1894)
    at yr (https://soars-uat-lon-webtrader-fx.celer-tech.com/assets/index-o_Axit1x.js:5455:2443)
    at Jt (https://soars-uat-lon-webtrader-fx.celer-tech.com/assets/index-o_Axit1x.js:1684:1081739) @ https://soars-uat-lon-webtrader-fx.celer-tech.com/assets/index-o_Axit1x.js:19
[   68669ms] [LOG] href:https://soars-uat-lon-webtrader-fx.celer-tech.com/ @ https://soars-uat-lon-webtrader-fx.celer-tech.com/assets/index-o_Axit1x.js:19
[   68670ms] [LOG] user: @ https://soars-uat-lon-webtrader-fx.celer-tech.com/assets/index-o_Axit1x.js:19
[   68670ms] [LOG] Error: Cancelling task: webSocketStreamSaga
    at cancelAllTasksSaga (https://soars-uat-lon-webtrader-fx.celer-tech.com/assets/index-o_Axit1x.js:5554:48361)
    at cancelAllTasksSaga.next (<anonymous>)
    at nr (https://soars-uat-lon-webtrader-fx.celer-tech.com/assets/index-o_Axit1x.js:5455:1734)
    at proc (https://soars-uat-lon-webtrader-fx.celer-tech.com/assets/index-o_Axit1x.js:5455:1485)
    at runCallEffect (https://soars-uat-lon-webtrader-fx.celer-tech.com/assets/index-o_Axit1x.js:5452:172530)
    at or (https://soars-uat-lon-webtrader-fx.celer-tech.com/assets/index-o_Axit1x.js:5455:2074)
    at ar (https://soars-uat-lon-webtrader-fx.celer-tech.com/assets/index-o_Axit1x.js:5455:2583)
    at nr (https://soars-uat-lon-webtrader-fx.celer-tech.com/assets/index-o_Axit1x.js:5455:1811)
    at Object.yr [as cont] (https://soars-uat-lon-webtrader-fx.celer-tech.com/assets/index-o_Axit1x.js:5455:2443)
    at ur (https://soars-uat-lon-webtrader-fx.celer-tech.com/assets/index-o_Axit1x.js:5455:564) @ https://soars-uat-lon-webtrader-fx.celer-tech.com/assets/index-o_Axit1x.js:19
[   68670ms] [LOG] href:https://soars-uat-lon-webtrader-fx.celer-tech.com/ @ https://soars-uat-lon-webtrader-fx.celer-tech.com/assets/index-o_Axit1x.js:19
[   68670ms] [LOG] user: @ https://soars-uat-lon-webtrader-fx.celer-tech.com/assets/index-o_Axit1x.js:19
[   68670ms] [LOG] Error: Cancelling task: saveUserPreferencesSaga
    at cancelAllTasksSaga (https://soars-uat-lon-webtrader-fx.celer-tech.com/assets/index-o_Axit1x.js:5554:48361)
    at cancelAllTasksSaga.next (<anonymous>)
    at nr (https://soars-uat-lon-webtrader-fx.celer-tech.com/assets/index-o_Axit1x.js:5455:1734)
    at yr (https://soars-uat-lon-webtrader-fx.celer-tech.com/assets/index-o_Axit1x.js:5455:2443)
    at runCancelEffect (https://soars-uat-lon-webtrader-fx.celer-tech.com/assets/index-o_Axit1x.js:5452:173726)
    at or (https://soars-uat-lon-webtrader-fx.celer-tech.com/assets/index-o_Axit1x.js:5455:2074)
    at ar (https://soars-uat-lon-webtrader-fx.celer-tech.com/assets/index-o_Axit1x.js:5455:2583)
    at nr (https://soars-uat-lon-webtrader-fx.celer-tech.com/assets/index-o_Axit1x.js:5455:1811)
    at proc (https://soars-uat-lon-webtrader-fx.celer-tech.com/assets/index-o_Axit1x.js:5455:1485)
    at runCallEffect (https://soars-uat-lon-webtrader-fx.celer-tech.com/assets/index-o_Axit1x.js:5452:172530) @ https://soars-uat-lon-webtrader-fx.celer-tech.com/assets/index-o_Axit1x.js:19
[   68670ms] [LOG] href:https://soars-uat-lon-webtrader-fx.celer-tech.com/ @ https://soars-uat-lon-webtrader-fx.celer-tech.com/assets/index-o_Axit1x.js:19
[   68670ms] [LOG] user: @ https://soars-uat-lon-webtrader-fx.celer-tech.com/assets/index-o_Axit1x.js:19
[   68670ms] [LOG] Error: Disposing resource on logout
    at onDispose (https://soars-uat-lon-webtrader-fx.celer-tech.com/assets/index-o_Axit1x.js:5554:48605)
    at ResourceManager.disposeAll (https://soars-uat-lon-webtrader-fx.celer-tech.com/assets/index-o_Axit1x.js:19:80309)
    at runCallEffect (https://soars-uat-lon-webtrader-fx.celer-tech.com/assets/index-o_Axit1x.js:5452:172455)
    at or (https://soars-uat-lon-webtrader-fx.celer-tech.com/assets/index-o_Axit1x.js:5455:2074)
    at ar (https://soars-uat-lon-webtrader-fx.celer-tech.com/assets/index-o_Axit1x.js:5455:2583)
    at nr (https://soars-uat-lon-webtrader-fx.celer-tech.com/assets/index-o_Axit1x.js:5455:1811)
    at proc (https://soars-uat-lon-webtrader-fx.celer-tech.com/assets/index-o_Axit1x.js:5455:1485)
    at runCallEffect (https://soars-uat-lon-webtrader-fx.celer-tech.com/assets/index-o_Axit1x.js:5452:172530)
    at or (https://soars-uat-lon-webtrader-fx.celer-tech.com/assets/index-o_Axit1x.js:5455:2074)
    at ar (https://soars-uat-lon-webtrader-fx.celer-tech.com/assets/index-o_Axit1x.js:5455:2583) @ https://soars-uat-lon-webtrader-fx.celer-tech.com/assets/index-o_Axit1x.js:19
[   68672ms] [LOG] %c prev state color: #9E9E9E; font-weight: bold {alertModal: Object, alerts: Object, appSettings: Object, auth: Object, autoSpreader: Object} @ https://soars-uat-lon-webtrader-fx.celer-tech.com/assets/index-o_Axit1x.js:5454
[   68672ms] [LOG] %c action     color: #03A9F4; font-weight: bold {type: @@auth/UPDATE_FETCHING_DATA, payload: Object, @@redux-saga/SAGA_ACTION: true} @ https://soars-uat-lon-webtrader-fx.celer-tech.com/assets/index-o_Axit1x.js:5454
[   68672ms] [LOG] %c next state color: #4CAF50; font-weight: bold {alertModal: Object, alerts: Object, appSettings: Object, auth: Object, autoSpreader: Object} @ https://soars-uat-lon-webtrader-fx.celer-tech.com/assets/index-o_Axit1x.js:5454
[   68672ms] [LOG] %c prev state color: #9E9E9E; font-weight: bold {alertModal: Object, alerts: Object, appSettings: Object, auth: Object, autoSpreader: Object} @ https://soars-uat-lon-webtrader-fx.celer-tech.com/assets/index-o_Axit1x.js:5454
[   68672ms] [LOG] %c action     color: #03A9F4; font-weight: bold {type: @@auth/UPDATE_FETCHING_DATA, payload: Object, @@redux-saga/SAGA_ACTION: true} @ https://soars-uat-lon-webtrader-fx.celer-tech.com/assets/index-o_Axit1x.js:5454
[   68672ms] [LOG] %c next state color: #4CAF50; font-weight: bold {alertModal: Object, alerts: Object, appSettings: Object, auth: Object, autoSpreader: Object} @ https://soars-uat-lon-webtrader-fx.celer-tech.com/assets/index-o_Axit1x.js:5454
[   68675ms] [LOG] AbortError: The operation has been aborted
    at AbortSignal.Qt (https://soars-uat-lon-webtrader-fx.celer-tech.com/assets/index-o_Axit1x.js:1666:15098)
    at https://soars-uat-lon-webtrader-fx.celer-tech.com/assets/index-o_Axit1x.js:1684:1078098
    at Api.abort (https://soars-uat-lon-webtrader-fx.celer-tech.com/assets/index-o_Axit1x.js:1684:1078384)
    at SagaApi.apiCallSaga (https://soars-uat-lon-webtrader-fx.celer-tech.com/assets/index-o_Axit1x.js:1684:1087762)
    at apiCallSaga.next (<anonymous>)
    at pricesSaga (https://soars-uat-lon-webtrader-fx.celer-tech.com/assets/index-o_Axit1x.js:5554:153539)
    at pricesSaga.next (<anonymous>)
    at withLoadingTextAndTiming (https://soars-uat-lon-webtrader-fx.celer-tech.com/assets/index-o_Axit1x.js:5554:57463)
    at withLoadingTextAndTiming.next (<anonymous>)
    at nr (https://soars-uat-lon-webtrader-fx.celer-tech.com/assets/index-o_Axit1x.js:5455:1734) @ https://soars-uat-lon-webtrader-fx.celer-tech.com/assets/index-o_Axit1x.js:19
[   68675ms] [LOG] href:https://soars-uat-lon-webtrader-fx.celer-tech.com/ @ https://soars-uat-lon-webtrader-fx.celer-tech.com/assets/index-o_Axit1x.js:19
[   68676ms] [LOG] user: @ https://soars-uat-lon-webtrader-fx.celer-tech.com/assets/index-o_Axit1x.js:19
[   68676ms] [LOG] Error: UNARY Abort Error: MarketDataService/subscribeToPrices
    at https://soars-uat-lon-webtrader-fx.celer-tech.com/assets/index-o_Axit1x.js:1666:40486
    at async https://soars-uat-lon-webtrader-fx.celer-tech.com/assets/index-o_Axit1x.js:1666:40747
    at async https://soars-uat-lon-webtrader-fx.celer-tech.com/assets/index-o_Axit1x.js:1666:36192 @ https://soars-uat-lon-webtrader-fx.celer-tech.com/assets/index-o_Axit1x.js:19
[   68676ms] [LOG] AbortError: The operation has been aborted
    at AbortSignal.Qt (https://soars-uat-lon-webtrader-fx.celer-tech.com/assets/index-o_Axit1x.js:1666:15098)
    at https://soars-uat-lon-webtrader-fx.celer-tech.com/assets/index-o_Axit1x.js:1684:1078098
    at Api.abort (https://soars-uat-lon-webtrader-fx.celer-tech.com/assets/index-o_Axit1x.js:1684:1078384)
    at SagaApi.apiCallSaga (https://soars-uat-lon-webtrader-fx.celer-tech.com/assets/index-o_Axit1x.js:1684:1087762)
    at apiCallSaga.next (<anonymous>)
    at userPropertiesSaga (https://soars-uat-lon-webtrader-fx.celer-tech.com/assets/index-o_Axit1x.js:5554:168410)
    at userPropertiesSaga.next (<anonymous>)
    at withLoadingTextAndTiming (https://soars-uat-lon-webtrader-fx.celer-tech.com/assets/index-o_Axit1x.js:5554:57463)
    at withLoadingTextAndTiming.next (<anonymous>)
    at nr (https://soars-uat-lon-webtrader-fx.celer-tech.com/assets/index-o_Axit1x.js:5455:1734) @ https://soars-uat-lon-webtrader-fx.celer-tech.com/assets/index-o_Axit1x.js:19
[   68676ms] [LOG] href:https://soars-uat-lon-webtrader-fx.celer-tech.com/ @ https://soars-uat-lon-webtrader-fx.celer-tech.com/assets/index-o_Axit1x.js:19
[   68676ms] [LOG] user: @ https://soars-uat-lon-webtrader-fx.celer-tech.com/assets/index-o_Axit1x.js:19
[   68676ms] [LOG] Error: UNARY Abort Error: UserPropertyService/findUserPropertiesByUsername
    at https://soars-uat-lon-webtrader-fx.celer-tech.com/assets/index-o_Axit1x.js:1666:40486
    at async https://soars-uat-lon-webtrader-fx.celer-tech.com/assets/index-o_Axit1x.js:1666:40747
    at async https://soars-uat-lon-webtrader-fx.celer-tech.com/assets/index-o_Axit1x.js:1666:36192 @ https://soars-uat-lon-webtrader-fx.celer-tech.com/assets/index-o_Axit1x.js:19
[   68676ms] [LOG] href:https://soars-uat-lon-webtrader-fx.celer-tech.com/ @ https://soars-uat-lon-webtrader-fx.celer-tech.com/assets/index-o_Axit1x.js:19
[   68676ms] [LOG] user: @ https://soars-uat-lon-webtrader-fx.celer-tech.com/assets/index-o_Axit1x.js:19
[   68676ms] [ERROR] AbortError: The operation has been aborted
    at AbortSignal.Qt (https://soars-uat-lon-webtrader-fx.celer-tech.com/assets/index-o_Axit1x.js:1666:15098)
    at https://soars-uat-lon-webtrader-fx.celer-tech.com/assets/index-o_Axit1x.js:1684:1078098
    at Api.abort (https://soars-uat-lon-webtrader-fx.celer-tech.com/assets/index-o_Axit1x.js:1684:1078384)
    at SagaApi.apiCallSaga (https://soars-uat-lon-webtrader-fx.celer-tech.com/assets/index-o_Axit1x.js:1684:1087762)
    at apiCallSaga.next (<anonymous>)
    at pricesSaga (https://soars-uat-lon-webtrader-fx.celer-tech.com/assets/index-o_Axit1x.js:5554:153539)
    at pricesSaga.next (<anonymous>)
    at withLoadingTextAndTiming (https://soars-uat-lon-webtrader-fx.celer-tech.com/assets/index-o_Axit1x.js:5554:57463)
    at withLoadingTextAndTiming.next (<anonymous>)
    at nr (https://soars-uat-lon-webtrader-fx.celer-tech.com/assets/index-o_Axit1x.js:5455:1734) @ https://soars-uat-lon-webtrader-fx.celer-tech.com/assets/index-o_Axit1x.js:19
[   68676ms] [LOG] href:https://soars-uat-lon-webtrader-fx.celer-tech.com/ @ https://soars-uat-lon-webtrader-fx.celer-tech.com/assets/index-o_Axit1x.js:19
[   68676ms] [LOG] user: @ https://soars-uat-lon-webtrader-fx.celer-tech.com/assets/index-o_Axit1x.js:19
[   68676ms] [ERROR] AbortError: The operation has been aborted
    at AbortSignal.Qt (https://soars-uat-lon-webtrader-fx.celer-tech.com/assets/index-o_Axit1x.js:1666:15098)
    at https://soars-uat-lon-webtrader-fx.celer-tech.com/assets/index-o_Axit1x.js:1684:1078098
    at Api.abort (https://soars-uat-lon-webtrader-fx.celer-tech.com/assets/index-o_Axit1x.js:1684:1078384)
    at SagaApi.apiCallSaga (https://soars-uat-lon-webtrader-fx.celer-tech.com/assets/index-o_Axit1x.js:1684:1087762)
    at apiCallSaga.next (<anonymous>)
    at userPropertiesSaga (https://soars-uat-lon-webtrader-fx.celer-tech.com/assets/index-o_Axit1x.js:5554:168410)
    at userPropertiesSaga.next (<anonymous>)
    at withLoadingTextAndTiming (https://soars-uat-lon-webtrader-fx.celer-tech.com/assets/index-o_Axit1x.js:5554:57463)
    at withLoadingTextAndTiming.next (<anonymous>)
    at nr (https://soars-uat-lon-webtrader-fx.celer-tech.com/assets/index-o_Axit1x.js:5455:1734) @ https://soars-uat-lon-webtrader-fx.celer-tech.com/assets/index-o_Axit1x.js:19
[   68712ms] [ERROR] Refused to apply style from 'https://soars-uat-lon-webtrader-fx.celer-tech.com/client-theme/build/client.css' because its MIME type ('text/html') is not a supported stylesheet MIME type, and strict MIME checking is enabled. @ https://soars-uat-lon-webtrader-fx.celer-tech.com/:0
[   68737ms] [ERROR] Refused to apply style from 'https://soars-uat-lon-webtrader-fx.celer-tech.com/client-theme/build/client.css' because its MIME type ('text/html') is not a supported stylesheet MIME type, and strict MIME checking is enabled. @ https://soars-uat-lon-webtrader-fx.celer-tech.com/:35
[   68805ms] [LOG] href:https://soars-uat-lon-webtrader-fx.celer-tech.com/ @ https://soars-uat-lon-webtrader-fx.celer-tech.com/assets/index-o_Axit1x.js:19
[   68805ms] [LOG] user: @ https://soars-uat-lon-webtrader-fx.celer-tech.com/assets/index-o_Axit1x.js:19
[   68805ms] [LOG] {} @ https://soars-uat-lon-webtrader-fx.celer-tech.com/assets/index-o_Axit1x.js:19
[   68805ms] [LOG] href:https://soars-uat-lon-webtrader-fx.celer-tech.com/ @ https://soars-uat-lon-webtrader-fx.celer-tech.com/assets/index-o_Axit1x.js:19
[   68805ms] [LOG] user: @ https://soars-uat-lon-webtrader-fx.celer-tech.com/assets/index-o_Axit1x.js:19
[   68847ms] [LOG] {serverConfig: Array(247)} @ https://soars-uat-lon-webtrader-fx.celer-tech.com/assets/index-o_Axit1x.js:19
[   68847ms] [LOG] href:https://soars-uat-lon-webtrader-fx.celer-tech.com/ @ https://soars-uat-lon-webtrader-fx.celer-tech.com/assets/index-o_Axit1x.js:19
[   68847ms] [LOG] user: @ https://soars-uat-lon-webtrader-fx.celer-tech.com/assets/index-o_Axit1x.js:19
[   68851ms] [LOG] %c prev state color: #9E9E9E; font-weight: bold {alertModal: Object, alerts: Object, appSettings: Object, auth: Object, autoSpreader: Object} @ https://soars-uat-lon-webtrader-fx.celer-tech.com/assets/index-o_Axit1x.js:5454
[   68851ms] [LOG] %c action     color: #03A9F4; font-weight: bold {type: @@serverConfig/SET_SERVER_CONFIGURATION, payload: Object, @@redux-saga/SAGA_ACTION: true} @ https://soars-uat-lon-webtrader-fx.celer-tech.com/assets/index-o_Axit1x.js:5454
[   68851ms] [LOG] %c next state color: #4CAF50; font-weight: bold {alertModal: Object, alerts: Object, appSettings: Object, auth: Object, autoSpreader: Object} @ https://soars-uat-lon-webtrader-fx.celer-tech.com/assets/index-o_Axit1x.js:5454
[   68851ms] [LOG] %c prev state color: #9E9E9E; font-weight: bold {alertModal: Object, alerts: Object, appSettings: Object, auth: Object, autoSpreader: Object} @ https://soars-uat-lon-webtrader-fx.celer-tech.com/assets/index-o_Axit1x.js:5454
[   68851ms] [LOG] %c action     color: #03A9F4; font-weight: bold {type: @@appSettings/SET_APP_MODE, payload: fx, @@redux-saga/SAGA_ACTION: true} @ https://soars-uat-lon-webtrader-fx.celer-tech.com/assets/index-o_Axit1x.js:5454
[   68851ms] [LOG] %c next state color: #4CAF50; font-weight: bold {alertModal: Object, alerts: Object, appSettings: Object, auth: Object, autoSpreader: Object} @ https://soars-uat-lon-webtrader-fx.celer-tech.com/assets/index-o_Axit1x.js:5454
[   68866ms] [ERROR] Failed to load client theme overrides @ https://soars-uat-lon-webtrader-fx.celer-tech.com/assets/index-o_Axit1x.js:19
[   77915ms] [LOG] href:https://soars-uat-lon-webtrader-fx.celer-tech.com/ @ https://soars-uat-lon-webtrader-fx.celer-tech.com/assets/index-o_Axit1x.js:19
[   77915ms] [LOG] user: @ https://soars-uat-lon-webtrader-fx.celer-tech.com/assets/index-o_Axit1x.js:19
[   77919ms] [LOG] href:https://soars-uat-lon-webtrader-fx.celer-tech.com/ @ https://soars-uat-lon-webtrader-fx.celer-tech.com/assets/index-o_Axit1x.js:19
[   77919ms] [LOG] user: @ https://soars-uat-lon-webtrader-fx.celer-tech.com/assets/index-o_Axit1x.js:19
[   77919ms] [LOG] {password: password, twoFactorToken: , username: demo.web.1} @ https://soars-uat-lon-webtrader-fx.celer-tech.com/assets/index-o_Axit1x.js:19
[   77919ms] [LOG] href:https://soars-uat-lon-webtrader-fx.celer-tech.com/ @ https://soars-uat-lon-webtrader-fx.celer-tech.com/assets/index-o_Axit1x.js:19
[   77919ms] [LOG] user: @ https://soars-uat-lon-webtrader-fx.celer-tech.com/assets/index-o_Axit1x.js:19
[   78210ms] [LOG] {clientRequestId: , username: demo.web.1, loggedIn: true, message: , sessionToken: demo.web.1:c0c8225d-86e3-46c5-bcd9-bc429808139d} @ https://soars-uat-lon-webtrader-fx.celer-tech.com/assets/index-o_Axit1x.js:19
[   78210ms] [LOG] href:https://soars-uat-lon-webtrader-fx.celer-tech.com/ @ https://soars-uat-lon-webtrader-fx.celer-tech.com/assets/index-o_Axit1x.js:19
[   78210ms] [LOG] user: @ https://soars-uat-lon-webtrader-fx.celer-tech.com/assets/index-o_Axit1x.js:19
[   78210ms] [LOG] %c prev state color: #9E9E9E; font-weight: bold {alertModal: Object, alerts: Object, appSettings: Object, auth: Object, autoSpreader: Object} @ https://soars-uat-lon-webtrader-fx.celer-tech.com/assets/index-o_Axit1x.js:5454
[   78210ms] [LOG] %c action     color: #03A9F4; font-weight: bold {type: @@auth/LOGIN_SUCCESS, payload: Object} @ https://soars-uat-lon-webtrader-fx.celer-tech.com/assets/index-o_Axit1x.js:5454
[   78210ms] [LOG] %c next state color: #4CAF50; font-weight: bold {alertModal: Object, alerts: Object, appSettings: Object, auth: Object, autoSpreader: Object} @ https://soars-uat-lon-webtrader-fx.celer-tech.com/assets/index-o_Axit1x.js:5454
[   78211ms] [LOG] %c prev state color: #9E9E9E; font-weight: bold {alertModal: Object, alerts: Object, appSettings: Object, auth: Object, autoSpreader: Object} @ https://soars-uat-lon-webtrader-fx.celer-tech.com/assets/index-o_Axit1x.js:5454
[   78211ms] [LOG] %c action     color: #03A9F4; font-weight: bold {type: @@auth/SET_WS_CONNECTING_DATA, payload: Object, @@redux-saga/SAGA_ACTION: true} @ https://soars-uat-lon-webtrader-fx.celer-tech.com/assets/index-o_Axit1x.js:5454
[   78211ms] [LOG] %c next state color: #4CAF50; font-weight: bold {alertModal: Object, alerts: Object, appSettings: Object, auth: Object, autoSpreader: Object} @ https://soars-uat-lon-webtrader-fx.celer-tech.com/assets/index-o_Axit1x.js:5454
[   78211ms] [LOG] href:https://soars-uat-lon-webtrader-fx.celer-tech.com/ @ https://soars-uat-lon-webtrader-fx.celer-tech.com/assets/index-o_Axit1x.js:19
[   78211ms] [LOG] user: @ https://soars-uat-lon-webtrader-fx.celer-tech.com/assets/index-o_Axit1x.js:19
[   78211ms] [LOG] Error: [WebSocket] Connected
    at webSocketStreamSaga (https://soars-uat-lon-webtrader-fx.celer-tech.com/assets/index-o_Axit1x.js:5554:240691)
    at webSocketStreamSaga.next (<anonymous>)
    at nr (https://soars-uat-lon-webtrader-fx.celer-tech.com/assets/index-o_Axit1x.js:5455:1734)
    at yr (https://soars-uat-lon-webtrader-fx.celer-tech.com/assets/index-o_Axit1x.js:5455:2443)
    at runCallEffect (https://soars-uat-lon-webtrader-fx.celer-tech.com/assets/index-o_Axit1x.js:5452:172587)
    at or (https://soars-uat-lon-webtrader-fx.celer-tech.com/assets/index-o_Axit1x.js:5455:2074)
    at ar (https://soars-uat-lon-webtrader-fx.celer-tech.com/assets/index-o_Axit1x.js:5455:2583)
    at nr (https://soars-uat-lon-webtrader-fx.celer-tech.com/assets/index-o_Axit1x.js:5455:1811)
    at yr (https://soars-uat-lon-webtrader-fx.celer-tech.com/assets/index-o_Axit1x.js:5455:2443)
    at https://soars-uat-lon-webtrader-fx.celer-tech.com/assets/index-o_Axit1x.js:5452:172075 @ https://soars-uat-lon-webtrader-fx.celer-tech.com/assets/index-o_Axit1x.js:19
[   78211ms] [LOG] %c prev state color: #9E9E9E; font-weight: bold {alertModal: Object, alerts: Object, appSettings: Object, auth: Object, autoSpreader: Object} @ https://soars-uat-lon-webtrader-fx.celer-tech.com/assets/index-o_Axit1x.js:5454
[   78211ms] [LOG] %c action     color: #03A9F4; font-weight: bold {type: @@auth/SET_WS_CONNECTED, payload: undefined, @@redux-saga/SAGA_ACTION: true} @ https://soars-uat-lon-webtrader-fx.celer-tech.com/assets/index-o_Axit1x.js:5454
[   78211ms] [LOG] %c next state color: #4CAF50; font-weight: bold {alertModal: Object, alerts: Object, appSettings: Object, auth: Object, autoSpreader: Object} @ https://soars-uat-lon-webtrader-fx.celer-tech.com/assets/index-o_Axit1x.js:5454
[   78212ms] [LOG] %c prev state color: #9E9E9E; font-weight: bold {alertModal: Object, alerts: Object, appSettings: Object, auth: Object, autoSpreader: Object} @ https://soars-uat-lon-webtrader-fx.celer-tech.com/assets/index-o_Axit1x.js:5454
[   78212ms] [LOG] %c action     color: #03A9F4; font-weight: bold {type: @@auth/SET_FETCHING_DATA, payload: Object, @@redux-saga/SAGA_ACTION: true} @ https://soars-uat-lon-webtrader-fx.celer-tech.com/assets/index-o_Axit1x.js:5454
[   78212ms] [LOG] %c next state color: #4CAF50; font-weight: bold {alertModal: Object, alerts: Object, appSettings: Object, auth: Object, autoSpreader: Object} @ https://soars-uat-lon-webtrader-fx.celer-tech.com/assets/index-o_Axit1x.js:5454
[   78212ms] [LOG] %c prev state color: #9E9E9E; font-weight: bold {alertModal: Object, alerts: Object, appSettings: Object, auth: Object, autoSpreader: Object} @ https://soars-uat-lon-webtrader-fx.celer-tech.com/assets/index-o_Axit1x.js:5454
[   78212ms] [LOG] %c action     color: #03A9F4; font-weight: bold {type: @@auth/SET_FETCHING_DATA, payload: Object, @@redux-saga/SAGA_ACTION: true} @ https://soars-uat-lon-webtrader-fx.celer-tech.com/assets/index-o_Axit1x.js:5454
[   78212ms] [LOG] %c next state color: #4CAF50; font-weight: bold {alertModal: Object, alerts: Object, appSettings: Object, auth: Object, autoSpreader: Object} @ https://soars-uat-lon-webtrader-fx.celer-tech.com/assets/index-o_Axit1x.js:5454
[   78212ms] [LOG] %c prev state color: #9E9E9E; font-weight: bold {alertModal: Object, alerts: Object, appSettings: Object, auth: Object, autoSpreader: Object} @ https://soars-uat-lon-webtrader-fx.celer-tech.com/assets/index-o_Axit1x.js:5454
[   78212ms] [LOG] %c action     color: #03A9F4; font-weight: bold {type: @@auth/SET_FETCHING_DATA, payload: Object, @@redux-saga/SAGA_ACTION: true} @ https://soars-uat-lon-webtrader-fx.celer-tech.com/assets/index-o_Axit1x.js:5454
[   78212ms] [LOG] %c next state color: #4CAF50; font-weight: bold {alertModal: Object, alerts: Object, appSettings: Object, auth: Object, autoSpreader: Object} @ https://soars-uat-lon-webtrader-fx.celer-tech.com/assets/index-o_Axit1x.js:5454
[   78212ms] [LOG] %c prev state color: #9E9E9E; font-weight: bold {alertModal: Object, alerts: Object, appSettings: Object, auth: Object, autoSpreader: Object} @ https://soars-uat-lon-webtrader-fx.celer-tech.com/assets/index-o_Axit1x.js:5454
[   78212ms] [LOG] %c action     color: #03A9F4; font-weight: bold {type: @@auth/SET_FETCHING_DATA, payload: Object, @@redux-saga/SAGA_ACTION: true} @ https://soars-uat-lon-webtrader-fx.celer-tech.com/assets/index-o_Axit1x.js:5454
[   78212ms] [LOG] %c next state color: #4CAF50; font-weight: bold {alertModal: Object, alerts: Object, appSettings: Object, auth: Object, autoSpreader: Object} @ https://soars-uat-lon-webtrader-fx.celer-tech.com/assets/index-o_Axit1x.js:5454
[   78213ms] [LOG] %c prev state color: #9E9E9E; font-weight: bold {alertModal: Object, alerts: Object, appSettings: Object, auth: Object, autoSpreader: Object} @ https://soars-uat-lon-webtrader-fx.celer-tech.com/assets/index-o_Axit1x.js:5454
[   78213ms] [LOG] %c action     color: #03A9F4; font-weight: bold {type: @@auth/SET_FETCHING_DATA, payload: Object, @@redux-saga/SAGA_ACTION: true} @ https://soars-uat-lon-webtrader-fx.celer-tech.com/assets/index-o_Axit1x.js:5454
[   78213ms] [LOG] %c next state color: #4CAF50; font-weight: bold {alertModal: Object, alerts: Object, appSettings: Object, auth: Object, autoSpreader: Object} @ https://soars-uat-lon-webtrader-fx.celer-tech.com/assets/index-o_Axit1x.js:5454
[   78213ms] [LOG] %c prev state color: #9E9E9E; font-weight: bold {alertModal: Object, alerts: Object, appSettings: Object, auth: Object, autoSpreader: Object} @ https://soars-uat-lon-webtrader-fx.celer-tech.com/assets/index-o_Axit1x.js:5454
[   78213ms] [LOG] %c action     color: #03A9F4; font-weight: bold {type: @@auth/SET_FETCHING_DATA, payload: Object, @@redux-saga/SAGA_ACTION: true} @ https://soars-uat-lon-webtrader-fx.celer-tech.com/assets/index-o_Axit1x.js:5454
[   78213ms] [LOG] %c next state color: #4CAF50; font-weight: bold {alertModal: Object, alerts: Object, appSettings: Object, auth: Object, autoSpreader: Object} @ https://soars-uat-lon-webtrader-fx.celer-tech.com/assets/index-o_Axit1x.js:5454
[   78213ms] [LOG] href:https://soars-uat-lon-webtrader-fx.celer-tech.com/ @ https://soars-uat-lon-webtrader-fx.celer-tech.com/assets/index-o_Axit1x.js:19
[   78213ms] [LOG] user: @ https://soars-uat-lon-webtrader-fx.celer-tech.com/assets/index-o_Axit1x.js:19
[   78213ms] [LOG] %c prev state color: #9E9E9E; font-weight: bold {alertModal: Object, alerts: Object, appSettings: Object, auth: Object, autoSpreader: Object} @ https://soars-uat-lon-webtrader-fx.celer-tech.com/assets/index-o_Axit1x.js:5454
[   78213ms] [LOG] %c action     color: #03A9F4; font-weight: bold {type: @@auth/SET_FETCHING_DATA, payload: Object, @@redux-saga/SAGA_ACTION: true} @ https://soars-uat-lon-webtrader-fx.celer-tech.com/assets/index-o_Axit1x.js:5454
[   78213ms] [LOG] %c next state color: #4CAF50; font-weight: bold {alertModal: Object, alerts: Object, appSettings: Object, auth: Object, autoSpreader: Object} @ https://soars-uat-lon-webtrader-fx.celer-tech.com/assets/index-o_Axit1x.js:5454
[   78213ms] [LOG] href:https://soars-uat-lon-webtrader-fx.celer-tech.com/ @ https://soars-uat-lon-webtrader-fx.celer-tech.com/assets/index-o_Axit1x.js:19
[   78213ms] [LOG] user: @ https://soars-uat-lon-webtrader-fx.celer-tech.com/assets/index-o_Axit1x.js:19
[   78218ms] [LOG] href:https://soars-uat-lon-webtrader-fx.celer-tech.com/ @ https://soars-uat-lon-webtrader-fx.celer-tech.com/assets/index-o_Axit1x.js:19
[   78218ms] [LOG] user: @ https://soars-uat-lon-webtrader-fx.celer-tech.com/assets/index-o_Axit1x.js:19
[   78218ms] [LOG] {} @ https://soars-uat-lon-webtrader-fx.celer-tech.com/assets/index-o_Axit1x.js:19
[   78218ms] [LOG] href:https://soars-uat-lon-webtrader-fx.celer-tech.com/ @ https://soars-uat-lon-webtrader-fx.celer-tech.com/assets/index-o_Axit1x.js:19
[   78218ms] [LOG] user: @ https://soars-uat-lon-webtrader-fx.celer-tech.com/assets/index-o_Axit1x.js:19
[   78219ms] [LOG] href:https://soars-uat-lon-webtrader-fx.celer-tech.com/ @ https://soars-uat-lon-webtrader-fx.celer-tech.com/assets/index-o_Axit1x.js:19
[   78219ms] [LOG] user: @ https://soars-uat-lon-webtrader-fx.celer-tech.com/assets/index-o_Axit1x.js:19
[   78219ms] [LOG] {} @ https://soars-uat-lon-webtrader-fx.celer-tech.com/assets/index-o_Axit1x.js:19
[   78219ms] [LOG] href:https://soars-uat-lon-webtrader-fx.celer-tech.com/ @ https://soars-uat-lon-webtrader-fx.celer-tech.com/assets/index-o_Axit1x.js:19
[   78219ms] [LOG] user: @ https://soars-uat-lon-webtrader-fx.celer-tech.com/assets/index-o_Axit1x.js:19
[   78219ms] [LOG] href:https://soars-uat-lon-webtrader-fx.celer-tech.com/ @ https://soars-uat-lon-webtrader-fx.celer-tech.com/assets/index-o_Axit1x.js:19
[   78219ms] [LOG] user: @ https://soars-uat-lon-webtrader-fx.celer-tech.com/assets/index-o_Axit1x.js:19
[   78219ms] [LOG] {} @ https://soars-uat-lon-webtrader-fx.celer-tech.com/assets/index-o_Axit1x.js:19
[   78219ms] [LOG] href:https://soars-uat-lon-webtrader-fx.celer-tech.com/ @ https://soars-uat-lon-webtrader-fx.celer-tech.com/assets/index-o_Axit1x.js:19
[   78219ms] [LOG] user: @ https://soars-uat-lon-webtrader-fx.celer-tech.com/assets/index-o_Axit1x.js:19
[   78220ms] [LOG] href:https://soars-uat-lon-webtrader-fx.celer-tech.com/ @ https://soars-uat-lon-webtrader-fx.celer-tech.com/assets/index-o_Axit1x.js:19
[   78220ms] [LOG] user: @ https://soars-uat-lon-webtrader-fx.celer-tech.com/assets/index-o_Axit1x.js:19
[   78220ms] [LOG] {securityId: } @ https://soars-uat-lon-webtrader-fx.celer-tech.com/assets/index-o_Axit1x.js:19
[   78220ms] [LOG] href:https://soars-uat-lon-webtrader-fx.celer-tech.com/ @ https://soars-uat-lon-webtrader-fx.celer-tech.com/assets/index-o_Axit1x.js:19
[   78220ms] [LOG] user: @ https://soars-uat-lon-webtrader-fx.celer-tech.com/assets/index-o_Axit1x.js:19
[   78220ms] [LOG] href:https://soars-uat-lon-webtrader-fx.celer-tech.com/ @ https://soars-uat-lon-webtrader-fx.celer-tech.com/assets/index-o_Axit1x.js:19
[   78220ms] [LOG] user: @ https://soars-uat-lon-webtrader-fx.celer-tech.com/assets/index-o_Axit1x.js:19
[   78220ms] [LOG] {key: TYPE} @ https://soars-uat-lon-webtrader-fx.celer-tech.com/assets/index-o_Axit1x.js:19
[   78220ms] [LOG] href:https://soars-uat-lon-webtrader-fx.celer-tech.com/ @ https://soars-uat-lon-webtrader-fx.celer-tech.com/assets/index-o_Axit1x.js:19
[   78220ms] [LOG] user: @ https://soars-uat-lon-webtrader-fx.celer-tech.com/assets/index-o_Axit1x.js:19
[   78220ms] [LOG] href:https://soars-uat-lon-webtrader-fx.celer-tech.com/ @ https://soars-uat-lon-webtrader-fx.celer-tech.com/assets/index-o_Axit1x.js:19
[   78220ms] [LOG] user: @ https://soars-uat-lon-webtrader-fx.celer-tech.com/assets/index-o_Axit1x.js:19
[   78221ms] [LOG] {} @ https://soars-uat-lon-webtrader-fx.celer-tech.com/assets/index-o_Axit1x.js:19
[   78221ms] [LOG] href:https://soars-uat-lon-webtrader-fx.celer-tech.com/ @ https://soars-uat-lon-webtrader-fx.celer-tech.com/assets/index-o_Axit1x.js:19
[   78221ms] [LOG] user: @ https://soars-uat-lon-webtrader-fx.celer-tech.com/assets/index-o_Axit1x.js:19
[   78250ms] [LOG] href:https://soars-uat-lon-webtrader-fx.celer-tech.com/ @ https://soars-uat-lon-webtrader-fx.celer-tech.com/assets/index-o_Axit1x.js:19
[   78250ms] [LOG] user: @ https://soars-uat-lon-webtrader-fx.celer-tech.com/assets/index-o_Axit1x.js:19
[   78250ms] [WARNING] Error: [WebSocket] Connected
    at onFirstMessage (https://soars-uat-lon-webtrader-fx.celer-tech.com/assets/index-o_Axit1x.js:5554:240095)
    at onFirstMessage.next (<anonymous>)
    at webSocketStreamSaga (https://soars-uat-lon-webtrader-fx.celer-tech.com/assets/index-o_Axit1x.js:5554:241324)
    at webSocketStreamSaga.next (<anonymous>)
    at nr (https://soars-uat-lon-webtrader-fx.celer-tech.com/assets/index-o_Axit1x.js:5455:1734)
    at Object.yr [as cont] (https://soars-uat-lon-webtrader-fx.celer-tech.com/assets/index-o_Axit1x.js:5455:2443)
    at ur (https://soars-uat-lon-webtrader-fx.celer-tech.com/assets/index-o_Axit1x.js:5455:564)
    at Qt.Jt.cont (https://soars-uat-lon-webtrader-fx.celer-tech.com/assets/index-o_Axit1x.js:5452:175904)
    at nr (https://soars-uat-lon-webtrader-fx.celer-tech.com/assets/index-o_Axit1x.js:5455:1795)
    at proc (https://soars-uat-lon-webtrader-fx.celer-tech.com/assets/index-o_Axit1x.js:5455:1485) @ https://soars-uat-lon-webtrader-fx.celer-tech.com/assets/index-o_Axit1x.js:19
[   78250ms] [LOG] %c prev state color: #9E9E9E; font-weight: bold {alertModal: Object, alerts: Object, appSettings: Object, auth: Object, autoSpreader: Object} @ https://soars-uat-lon-webtrader-fx.celer-tech.com/assets/index-o_Axit1x.js:5454
[   78250ms] [LOG] %c action     color: #03A9F4; font-weight: bold {type: @@auth/SET_WS_CONNECTED, payload: undefined, @@redux-saga/SAGA_ACTION: true} @ https://soars-uat-lon-webtrader-fx.celer-tech.com/assets/index-o_Axit1x.js:5454
[   78250ms] [LOG] %c next state color: #4CAF50; font-weight: bold {alertModal: Object, alerts: Object, appSettings: Object, auth: Object, autoSpreader: Object} @ https://soars-uat-lon-webtrader-fx.celer-tech.com/assets/index-o_Axit1x.js:5454
[   78251ms] [LOG] %c prev state color: #9E9E9E; font-weight: bold {alertModal: Object, alerts: Object, appSettings: Object, auth: Object, autoSpreader: Object} @ https://soars-uat-lon-webtrader-fx.celer-tech.com/assets/index-o_Axit1x.js:5454
[   78251ms] [LOG] %c action     color: #03A9F4; font-weight: bold {type: @@auth/UPDATE_WS_CONNECTING_DATA, payload: Object, @@redux-saga/SAGA_ACTION: true} @ https://soars-uat-lon-webtrader-fx.celer-tech.com/assets/index-o_Axit1x.js:5454
[   78251ms] [LOG] %c next state color: #4CAF50; font-weight: bold {alertModal: Object, alerts: Object, appSettings: Object, auth: Object, autoSpreader: Object} @ https://soars-uat-lon-webtrader-fx.celer-tech.com/assets/index-o_Axit1x.js:5454
[  148250ms] [ERROR] Failed to load resource: the server responded with a status of 504 () @ https://soars-uat-lon-webtrader-fx.celer-tech.com/com.celertech.staticdata.api.user.limit.UserLimitService/findUserLimitsByUsername:0
[  148250ms] [LOG] ClientError: /com.celertech.staticdata.api.user.limit.UserLimitService/findUserLimitsByUsername DEADLINE_EXCEEDED: 
    at https://soars-uat-lon-webtrader-fx.celer-tech.com/assets/index-o_Axit1x.js:1666:35833
    at https://soars-uat-lon-webtrader-fx.celer-tech.com/assets/index-o_Axit1x.js:1665:10394
    at Array.forEach (<anonymous>)
    at sr.rawOnError (https://soars-uat-lon-webtrader-fx.celer-tech.com/assets/index-o_Axit1x.js:1665:10355)
    at sr.onTransportHeaders (https://soars-uat-lon-webtrader-fx.celer-tech.com/assets/index-o_Axit1x.js:1665:7835)
    at https://soars-uat-lon-webtrader-fx.celer-tech.com/assets/index-o_Axit1x.js:1665:15959 @ https://soars-uat-lon-webtrader-fx.celer-tech.com/assets/index-o_Axit1x.js:19
[  148250ms] [LOG] href:https://soars-uat-lon-webtrader-fx.celer-tech.com/ @ https://soars-uat-lon-webtrader-fx.celer-tech.com/assets/index-o_Axit1x.js:19
[  148250ms] [LOG] user: @ https://soars-uat-lon-webtrader-fx.celer-tech.com/assets/index-o_Axit1x.js:19
[  148250ms] [ERROR] Error: UNARY Client Error: UserLimitService/findUserLimitsByUsername :DEADLINE_EXCEEDED: 
    at https://soars-uat-lon-webtrader-fx.celer-tech.com/assets/index-o_Axit1x.js:1666:40306
    at async https://soars-uat-lon-webtrader-fx.celer-tech.com/assets/index-o_Axit1x.js:1666:40747
    at async https://soars-uat-lon-webtrader-fx.celer-tech.com/assets/index-o_Axit1x.js:1666:36192 @ https://soars-uat-lon-webtrader-fx.celer-tech.com/assets/index-o_Axit1x.js:19
[  148251ms] [LOG] href:https://soars-uat-lon-webtrader-fx.celer-tech.com/ @ https://soars-uat-lon-webtrader-fx.celer-tech.com/assets/index-o_Axit1x.js:19
[  148251ms] [LOG] user: @ https://soars-uat-lon-webtrader-fx.celer-tech.com/assets/index-o_Axit1x.js:19
[  148251ms] [ERROR] ClientError: /com.celertech.staticdata.api.user.limit.UserLimitService/findUserLimitsByUsername DEADLINE_EXCEEDED: 
    at https://soars-uat-lon-webtrader-fx.celer-tech.com/assets/index-o_Axit1x.js:1666:35833
    at https://soars-uat-lon-webtrader-fx.celer-tech.com/assets/index-o_Axit1x.js:1665:10394
    at Array.forEach (<anonymous>)
    at sr.rawOnError (https://soars-uat-lon-webtrader-fx.celer-tech.com/assets/index-o_Axit1x.js:1665:10355)
    at sr.onTransportHeaders (https://soars-uat-lon-webtrader-fx.celer-tech.com/assets/index-o_Axit1x.js:1665:7835)
    at https://soars-uat-lon-webtrader-fx.celer-tech.com/assets/index-o_Axit1x.js:1665:15959 @ https://soars-uat-lon-webtrader-fx.celer-tech.com/assets/index-o_Axit1x.js:19
[  148251ms] [LOG] href:https://soars-uat-lon-webtrader-fx.celer-tech.com/ @ https://soars-uat-lon-webtrader-fx.celer-tech.com/assets/index-o_Axit1x.js:19
[  148251ms] [LOG] user: @ https://soars-uat-lon-webtrader-fx.celer-tech.com/assets/index-o_Axit1x.js:19
[  148251ms] [LOG] {} @ https://soars-uat-lon-webtrader-fx.celer-tech.com/assets/index-o_Axit1x.js:19
[  148251ms] [LOG] href:https://soars-uat-lon-webtrader-fx.celer-tech.com/ @ https://soars-uat-lon-webtrader-fx.celer-tech.com/assets/index-o_Axit1x.js:19
[  148251ms] [LOG] user: @ https://soars-uat-lon-webtrader-fx.celer-tech.com/assets/index-o_Axit1x.js:19
[  148252ms] [LOG] ClientError: /com.celertech.staticdata.api.user.limit.UserLimitService/findUserLimitsByUsername DEADLINE_EXCEEDED: 
    at https://soars-uat-lon-webtrader-fx.celer-tech.com/assets/index-o_Axit1x.js:1666:35833
    at https://soars-uat-lon-webtrader-fx.celer-tech.com/assets/index-o_Axit1x.js:1665:10394
    at Array.forEach (<anonymous>)
    at sr.rawOnError (https://soars-uat-lon-webtrader-fx.celer-tech.com/assets/index-o_Axit1x.js:1665:10355)
    at sr.onTransportHeaders (https://soars-uat-lon-webtrader-fx.celer-tech.com/assets/index-o_Axit1x.js:1665:7835)
    at https://soars-uat-lon-webtrader-fx.celer-tech.com/assets/index-o_Axit1x.js:1665:15959 @ https://soars-uat-lon-webtrader-fx.celer-tech.com/assets/index-o_Axit1x.js:19
[  148252ms] [LOG] href:https://soars-uat-lon-webtrader-fx.celer-tech.com/ @ https://soars-uat-lon-webtrader-fx.celer-tech.com/assets/index-o_Axit1x.js:19
[  148252ms] [LOG] user: @ https://soars-uat-lon-webtrader-fx.celer-tech.com/assets/index-o_Axit1x.js:19
[  148252ms] [ERROR] Error: Unhandled saga error for user limits:
    at withLoadingTextAndTiming (https://soars-uat-lon-webtrader-fx.celer-tech.com/assets/index-o_Axit1x.js:5554:57490)
    at withLoadingTextAndTiming.next (<anonymous>)
    at nr (https://soars-uat-lon-webtrader-fx.celer-tech.com/assets/index-o_Axit1x.js:5455:1734)
    at yr (https://soars-uat-lon-webtrader-fx.celer-tech.com/assets/index-o_Axit1x.js:5455:2443)
    at runCancelledEffect (https://soars-uat-lon-webtrader-fx.celer-tech.com/assets/index-o_Axit1x.js:5452:174786)
    at or (https://soars-uat-lon-webtrader-fx.celer-tech.com/assets/index-o_Axit1x.js:5455:2074)
    at ar (https://soars-uat-lon-webtrader-fx.celer-tech.com/assets/index-o_Axit1x.js:5455:2583)
    at nr (https://soars-uat-lon-webtrader-fx.celer-tech.com/assets/index-o_Axit1x.js:5455:1811)
    at yr (https://soars-uat-lon-webtrader-fx.celer-tech.com/assets/index-o_Axit1x.js:5455:2443)
    at https://soars-uat-lon-webtrader-fx.celer-tech.com/assets/index-o_Axit1x.js:5452:171442 @ https://soars-uat-lon-webtrader-fx.celer-tech.com/assets/index-o_Axit1x.js:19
[  148252ms] [LOG] %c prev state color: #9E9E9E; font-weight: bold {alertModal: Object, alerts: Object, appSettings: Object, auth: Object, autoSpreader: Object} @ https://soars-uat-lon-webtrader-fx.celer-tech.com/assets/index-o_Axit1x.js:5454
[  148252ms] [LOG] %c action     color: #03A9F4; font-weight: bold {type: @@auth/UPDATE_FETCHING_DATA, payload: Object, @@redux-saga/SAGA_ACTION: true} @ https://soars-uat-lon-webtrader-fx.celer-tech.com/assets/index-o_Axit1x.js:5454
[  148252ms] [LOG] %c next state color: #4CAF50; font-weight: bold {alertModal: Object, alerts: Object, appSettings: Object, auth: Object, autoSpreader: Object} @ https://soars-uat-lon-webtrader-fx.celer-tech.com/assets/index-o_Axit1x.js:5454
[  148253ms] [LOG] href:https://soars-uat-lon-webtrader-fx.celer-tech.com/ @ https://soars-uat-lon-webtrader-fx.celer-tech.com/assets/index-o_Axit1x.js:19
[  148253ms] [LOG] user: @ https://soars-uat-lon-webtrader-fx.celer-tech.com/assets/index-o_Axit1x.js:19
[  148253ms] [WARNING] Error: [SagaApi] Request configurationService.findAllFixingSources with trackId 278ffcac-e697-4178-b6f1-fb60eb61dc2c cancelled
    at SagaApi.apiCallSaga (https://soars-uat-lon-webtrader-fx.celer-tech.com/assets/index-o_Axit1x.js:1684:1087780)
    at apiCallSaga.next (<anonymous>)
    at fixingSourcesSaga (https://soars-uat-lon-webtrader-fx.celer-tech.com/assets/index-o_Axit1x.js:5554:47864)
    at fixingSourcesSaga.next (<anonymous>)
    at withLoadingTextAndTiming (https://soars-uat-lon-webtrader-fx.celer-tech.com/assets/index-o_Axit1x.js:5554:57463)
    at withLoadingTextAndTiming.next (<anonymous>)
    at nr (https://soars-uat-lon-webtrader-fx.celer-tech.com/assets/index-o_Axit1x.js:5455:1734)
    at yr (https://soars-uat-lon-webtrader-fx.celer-tech.com/assets/index-o_Axit1x.js:5455:2443)
    at runCancelledEffect (https://soars-uat-lon-webtrader-fx.celer-tech.com/assets/index-o_Axit1x.js:5452:174786)
    at or (https://soars-uat-lon-webtrader-fx.celer-tech.com/assets/index-o_Axit1x.js:5455:2074) @ https://soars-uat-lon-webtrader-fx.celer-tech.com/assets/index-o_Axit1x.js:19
[  148253ms] [LOG] Error: [SagaApi] Request configurationService.findAllFixingSources with trackId 278ffcac-e697-4178-b6f1-fb60eb61dc2c cancelled
    at SagaApi.apiCallSaga (https://soars-uat-lon-webtrader-fx.celer-tech.com/assets/index-o_Axit1x.js:1684:1087780)
    at apiCallSaga.next (<anonymous>)
    at fixingSourcesSaga (https://soars-uat-lon-webtrader-fx.celer-tech.com/assets/index-o_Axit1x.js:5554:47864)
    at fixingSourcesSaga.next (<anonymous>)
    at withLoadingTextAndTiming (https://soars-uat-lon-webtrader-fx.celer-tech.com/assets/index-o_Axit1x.js:5554:57463)
    at withLoadingTextAndTiming.next (<anonymous>)
    at nr (https://soars-uat-lon-webtrader-fx.celer-tech.com/assets/index-o_Axit1x.js:5455:1734)
    at yr (https://soars-uat-lon-webtrader-fx.celer-tech.com/assets/index-o_Axit1x.js:5455:2443)
    at runCancelledEffect (https://soars-uat-lon-webtrader-fx.celer-tech.com/assets/index-o_Axit1x.js:5452:174786)
    at or (https://soars-uat-lon-webtrader-fx.celer-tech.com/assets/index-o_Axit1x.js:5455:2074) @ https://soars-uat-lon-webtrader-fx.celer-tech.com/assets/index-o_Axit1x.js:19
[  148253ms] [LOG] href:https://soars-uat-lon-webtrader-fx.celer-tech.com/ @ https://soars-uat-lon-webtrader-fx.celer-tech.com/assets/index-o_Axit1x.js:19
[  148253ms] [LOG] user: @ https://soars-uat-lon-webtrader-fx.celer-tech.com/assets/index-o_Axit1x.js:19
[  148253ms] [ERROR] Error: Unhandled saga error for fixing sources:
    at withLoadingTextAndTiming (https://soars-uat-lon-webtrader-fx.celer-tech.com/assets/index-o_Axit1x.js:5554:57490)
    at withLoadingTextAndTiming.next (<anonymous>)
    at nr (https://soars-uat-lon-webtrader-fx.celer-tech.com/assets/index-o_Axit1x.js:5455:1734)
    at yr (https://soars-uat-lon-webtrader-fx.celer-tech.com/assets/index-o_Axit1x.js:5455:2443)
    at runCancelledEffect (https://soars-uat-lon-webtrader-fx.celer-tech.com/assets/index-o_Axit1x.js:5452:174786)
    at or (https://soars-uat-lon-webtrader-fx.celer-tech.com/assets/index-o_Axit1x.js:5455:2074)
    at ar (https://soars-uat-lon-webtrader-fx.celer-tech.com/assets/index-o_Axit1x.js:5455:2583)
    at nr (https://soars-uat-lon-webtrader-fx.celer-tech.com/assets/index-o_Axit1x.js:5455:1811)
    at Object.tr [as cancel] (https://soars-uat-lon-webtrader-fx.celer-tech.com/assets/index-o_Axit1x.js:5455:1435)
    at https://soars-uat-lon-webtrader-fx.celer-tech.com/assets/index-o_Axit1x.js:5452:175977 @ https://soars-uat-lon-webtrader-fx.celer-tech.com/assets/index-o_Axit1x.js:19
[  148253ms] [LOG] href:https://soars-uat-lon-webtrader-fx.celer-tech.com/ @ https://soars-uat-lon-webtrader-fx.celer-tech.com/assets/index-o_Axit1x.js:19
[  148253ms] [LOG] user: @ https://soars-uat-lon-webtrader-fx.celer-tech.com/assets/index-o_Axit1x.js:19
[  148253ms] [WARNING] Error: [SagaApi] Request accountPropertyService.findAssignedAccountPropertiesByKey with trackId 234ff368-1e8e-4522-86c7-007e469328bc cancelled
    at SagaApi.apiCallSaga (https://soars-uat-lon-webtrader-fx.celer-tech.com/assets/index-o_Axit1x.js:1684:1087780)
    at apiCallSaga.next (<anonymous>)
    at userAccountsAndTypePropertySaga (https://soars-uat-lon-webtrader-fx.celer-tech.com/assets/index-o_Axit1x.js:5554:156804)
    at userAccountsAndTypePropertySaga.next (<anonymous>)
    at withLoadingTextAndTiming (https://soars-uat-lon-webtrader-fx.celer-tech.com/assets/index-o_Axit1x.js:5554:57463)
    at withLoadingTextAndTiming.next (<anonymous>)
    at nr (https://soars-uat-lon-webtrader-fx.celer-tech.com/assets/index-o_Axit1x.js:5455:1734)
    at yr (https://soars-uat-lon-webtrader-fx.celer-tech.com/assets/index-o_Axit1x.js:5455:2443)
    at runCancelledEffect (https://soars-uat-lon-webtrader-fx.celer-tech.com/assets/index-o_Axit1x.js:5452:174786)
    at or (https://soars-uat-lon-webtrader-fx.celer-tech.com/assets/index-o_Axit1x.js:5455:2074) @ https://soars-uat-lon-webtrader-fx.celer-tech.com/assets/index-o_Axit1x.js:19
[  148254ms] [LOG] Error: [SagaApi] Request accountPropertyService.findAssignedAccountPropertiesByKey with trackId 234ff368-1e8e-4522-86c7-007e469328bc cancelled
    at SagaApi.apiCallSaga (https://soars-uat-lon-webtrader-fx.celer-tech.com/assets/index-o_Axit1x.js:1684:1087780)
    at apiCallSaga.next (<anonymous>)
    at userAccountsAndTypePropertySaga (https://soars-uat-lon-webtrader-fx.celer-tech.com/assets/index-o_Axit1x.js:5554:156804)
    at userAccountsAndTypePropertySaga.next (<anonymous>)
    at withLoadingTextAndTiming (https://soars-uat-lon-webtrader-fx.celer-tech.com/assets/index-o_Axit1x.js:5554:57463)
    at withLoadingTextAndTiming.next (<anonymous>)
    at nr (https://soars-uat-lon-webtrader-fx.celer-tech.com/assets/index-o_Axit1x.js:5455:1734)
    at yr (https://soars-uat-lon-webtrader-fx.celer-tech.com/assets/index-o_Axit1x.js:5455:2443)
    at runCancelledEffect (https://soars-uat-lon-webtrader-fx.celer-tech.com/assets/index-o_Axit1x.js:5452:174786)
    at or (https://soars-uat-lon-webtrader-fx.celer-tech.com/assets/index-o_Axit1x.js:5455:2074) @ https://soars-uat-lon-webtrader-fx.celer-tech.com/assets/index-o_Axit1x.js:19
[  148254ms] [LOG] href:https://soars-uat-lon-webtrader-fx.celer-tech.com/ @ https://soars-uat-lon-webtrader-fx.celer-tech.com/assets/index-o_Axit1x.js:19
[  148254ms] [LOG] user: @ https://soars-uat-lon-webtrader-fx.celer-tech.com/assets/index-o_Axit1x.js:19
[  148254ms] [ERROR] Error: Unhandled saga error for user accounts and properties:
    at withLoadingTextAndTiming (https://soars-uat-lon-webtrader-fx.celer-tech.com/assets/index-o_Axit1x.js:5554:57490)
    at withLoadingTextAndTiming.next (<anonymous>)
    at nr (https://soars-uat-lon-webtrader-fx.celer-tech.com/assets/index-o_Axit1x.js:5455:1734)
    at yr (https://soars-uat-lon-webtrader-fx.celer-tech.com/assets/index-o_Axit1x.js:5455:2443)
    at runCancelledEffect (https://soars-uat-lon-webtrader-fx.celer-tech.com/assets/index-o_Axit1x.js:5452:174786)
    at or (https://soars-uat-lon-webtrader-fx.celer-tech.com/assets/index-o_Axit1x.js:5455:2074)
    at ar (https://soars-uat-lon-webtrader-fx.celer-tech.com/assets/index-o_Axit1x.js:5455:2583)
    at nr (https://soars-uat-lon-webtrader-fx.celer-tech.com/assets/index-o_Axit1x.js:5455:1811)
    at Object.tr [as cancel] (https://soars-uat-lon-webtrader-fx.celer-tech.com/assets/index-o_Axit1x.js:5455:1435)
    at https://soars-uat-lon-webtrader-fx.celer-tech.com/assets/index-o_Axit1x.js:5452:175977 @ https://soars-uat-lon-webtrader-fx.celer-tech.com/assets/index-o_Axit1x.js:19
[  148254ms] [LOG] href:https://soars-uat-lon-webtrader-fx.celer-tech.com/ @ https://soars-uat-lon-webtrader-fx.celer-tech.com/assets/index-o_Axit1x.js:19
[  148254ms] [LOG] user: @ https://soars-uat-lon-webtrader-fx.celer-tech.com/assets/index-o_Axit1x.js:19
[  148254ms] [WARNING] Error: [SagaApi] Request exchangeService.findAllExchanges with trackId 47bd9adf-cccc-477c-aa00-fe3502488253 cancelled
    at SagaApi.apiCallSaga (https://soars-uat-lon-webtrader-fx.celer-tech.com/assets/index-o_Axit1x.js:1684:1087780)
    at apiCallSaga.next (<anonymous>)
    at exchangesSaga (https://soars-uat-lon-webtrader-fx.celer-tech.com/assets/index-o_Axit1x.js:5554:47713)
    at exchangesSaga.next (<anonymous>)
    at withLoadingTextAndTiming (https://soars-uat-lon-webtrader-fx.celer-tech.com/assets/index-o_Axit1x.js:5554:57463)
    at withLoadingTextAndTiming.next (<anonymous>)
    at nr (https://soars-uat-lon-webtrader-fx.celer-tech.com/assets/index-o_Axit1x.js:5455:1734)
    at yr (https://soars-uat-lon-webtrader-fx.celer-tech.com/assets/index-o_Axit1x.js:5455:2443)
    at runCancelledEffect (https://soars-uat-lon-webtrader-fx.celer-tech.com/assets/index-o_Axit1x.js:5452:174786)
    at or (https://soars-uat-lon-webtrader-fx.celer-tech.com/assets/index-o_Axit1x.js:5455:2074) @ https://soars-uat-lon-webtrader-fx.celer-tech.com/assets/index-o_Axit1x.js:19
[  148254ms] [LOG] Error: [SagaApi] Request exchangeService.findAllExchanges with trackId 47bd9adf-cccc-477c-aa00-fe3502488253 cancelled
    at SagaApi.apiCallSaga (https://soars-uat-lon-webtrader-fx.celer-tech.com/assets/index-o_Axit1x.js:1684:1087780)
    at apiCallSaga.next (<anonymous>)
    at exchangesSaga (https://soars-uat-lon-webtrader-fx.celer-tech.com/assets/index-o_Axit1x.js:5554:47713)
    at exchangesSaga.next (<anonymous>)
    at withLoadingTextAndTiming (https://soars-uat-lon-webtrader-fx.celer-tech.com/assets/index-o_Axit1x.js:5554:57463)
    at withLoadingTextAndTiming.next (<anonymous>)
    at nr (https://soars-uat-lon-webtrader-fx.celer-tech.com/assets/index-o_Axit1x.js:5455:1734)
    at yr (https://soars-uat-lon-webtrader-fx.celer-tech.com/assets/index-o_Axit1x.js:5455:2443)
    at runCancelledEffect (https://soars-uat-lon-webtrader-fx.celer-tech.com/assets/index-o_Axit1x.js:5452:174786)
    at or (https://soars-uat-lon-webtrader-fx.celer-tech.com/assets/index-o_Axit1x.js:5455:2074) @ https://soars-uat-lon-webtrader-fx.celer-tech.com/assets/index-o_Axit1x.js:19
[  148254ms] [LOG] href:https://soars-uat-lon-webtrader-fx.celer-tech.com/ @ https://soars-uat-lon-webtrader-fx.celer-tech.com/assets/index-o_Axit1x.js:19
[  148254ms] [LOG] user: @ https://soars-uat-lon-webtrader-fx.celer-tech.com/assets/index-o_Axit1x.js:19
[  148254ms] [ERROR] Error: Unhandled saga error for exchanges:
    at withLoadingTextAndTiming (https://soars-uat-lon-webtrader-fx.celer-tech.com/assets/index-o_Axit1x.js:5554:57490)
    at withLoadingTextAndTiming.next (<anonymous>)
    at nr (https://soars-uat-lon-webtrader-fx.celer-tech.com/assets/index-o_Axit1x.js:5455:1734)
    at yr (https://soars-uat-lon-webtrader-fx.celer-tech.com/assets/index-o_Axit1x.js:5455:2443)
    at runCancelledEffect (https://soars-uat-lon-webtrader-fx.celer-tech.com/assets/index-o_Axit1x.js:5452:174786)
    at or (https://soars-uat-lon-webtrader-fx.celer-tech.com/assets/index-o_Axit1x.js:5455:2074)
    at ar (https://soars-uat-lon-webtrader-fx.celer-tech.com/assets/index-o_Axit1x.js:5455:2583)
    at nr (https://soars-uat-lon-webtrader-fx.celer-tech.com/assets/index-o_Axit1x.js:5455:1811)
    at Object.tr [as cancel] (https://soars-uat-lon-webtrader-fx.celer-tech.com/assets/index-o_Axit1x.js:5455:1435)
    at https://soars-uat-lon-webtrader-fx.celer-tech.com/assets/index-o_Axit1x.js:5452:175977 @ https://soars-uat-lon-webtrader-fx.celer-tech.com/assets/index-o_Axit1x.js:19
[  148255ms] [LOG] href:https://soars-uat-lon-webtrader-fx.celer-tech.com/ @ https://soars-uat-lon-webtrader-fx.celer-tech.com/assets/index-o_Axit1x.js:19
[  148255ms] [LOG] user: @ https://soars-uat-lon-webtrader-fx.celer-tech.com/assets/index-o_Axit1x.js:19
[  148255ms] [WARNING] Error: [SagaApi] Request marketDataService.subscribeToPrices with trackId df32b39e-a6ee-4c38-a96b-274418311e0f cancelled
    at SagaApi.apiCallSaga (https://soars-uat-lon-webtrader-fx.celer-tech.com/assets/index-o_Axit1x.js:1684:1087780)
    at apiCallSaga.next (<anonymous>)
    at pricesSaga (https://soars-uat-lon-webtrader-fx.celer-tech.com/assets/index-o_Axit1x.js:5554:153539)
    at pricesSaga.next (<anonymous>)
    at withLoadingTextAndTiming (https://soars-uat-lon-webtrader-fx.celer-tech.com/assets/index-o_Axit1x.js:5554:57463)
    at withLoadingTextAndTiming.next (<anonymous>)
    at nr (https://soars-uat-lon-webtrader-fx.celer-tech.com/assets/index-o_Axit1x.js:5455:1734)
    at yr (https://soars-uat-lon-webtrader-fx.celer-tech.com/assets/index-o_Axit1x.js:5455:2443)
    at runCancelledEffect (https://soars-uat-lon-webtrader-fx.celer-tech.com/assets/index-o_Axit1x.js:5452:174786)
    at or (https://soars-uat-lon-webtrader-fx.celer-tech.com/assets/index-o_Axit1x.js:5455:2074) @ https://soars-uat-lon-webtrader-fx.celer-tech.com/assets/index-o_Axit1x.js:19
[  148255ms] [LOG] Error: [SagaApi] Request marketDataService.subscribeToPrices with trackId df32b39e-a6ee-4c38-a96b-274418311e0f cancelled
    at SagaApi.apiCallSaga (https://soars-uat-lon-webtrader-fx.celer-tech.com/assets/index-o_Axit1x.js:1684:1087780)
    at apiCallSaga.next (<anonymous>)
    at pricesSaga (https://soars-uat-lon-webtrader-fx.celer-tech.com/assets/index-o_Axit1x.js:5554:153539)
    at pricesSaga.next (<anonymous>)
    at withLoadingTextAndTiming (https://soars-uat-lon-webtrader-fx.celer-tech.com/assets/index-o_Axit1x.js:5554:57463)
    at withLoadingTextAndTiming.next (<anonymous>)
    at nr (https://soars-uat-lon-webtrader-fx.celer-tech.com/assets/index-o_Axit1x.js:5455:1734)
    at yr (https://soars-uat-lon-webtrader-fx.celer-tech.com/assets/index-o_Axit1x.js:5455:2443)
    at runCancelledEffect (https://soars-uat-lon-webtrader-fx.celer-tech.com/assets/index-o_Axit1x.js:5452:174786)
    at or (https://soars-uat-lon-webtrader-fx.celer-tech.com/assets/index-o_Axit1x.js:5455:2074) @ https://soars-uat-lon-webtrader-fx.celer-tech.com/assets/index-o_Axit1x.js:19
[  148255ms] [LOG] href:https://soars-uat-lon-webtrader-fx.celer-tech.com/ @ https://soars-uat-lon-webtrader-fx.celer-tech.com/assets/index-o_Axit1x.js:19
[  148255ms] [LOG] user: @ https://soars-uat-lon-webtrader-fx.celer-tech.com/assets/index-o_Axit1x.js:19
[  148255ms] [ERROR] Error: Unhandled saga error for prices subscription:
    at withLoadingTextAndTiming (https://soars-uat-lon-webtrader-fx.celer-tech.com/assets/index-o_Axit1x.js:5554:57490)
    at withLoadingTextAndTiming.next (<anonymous>)
    at nr (https://soars-uat-lon-webtrader-fx.celer-tech.com/assets/index-o_Axit1x.js:5455:1734)
    at yr (https://soars-uat-lon-webtrader-fx.celer-tech.com/assets/index-o_Axit1x.js:5455:2443)
    at runCancelledEffect (https://soars-uat-lon-webtrader-fx.celer-tech.com/assets/index-o_Axit1x.js:5452:174786)
    at or (https://soars-uat-lon-webtrader-fx.celer-tech.com/assets/index-o_Axit1x.js:5455:2074)
    at ar (https://soars-uat-lon-webtrader-fx.celer-tech.com/assets/index-o_Axit1x.js:5455:2583)
    at nr (https://soars-uat-lon-webtrader-fx.celer-tech.com/assets/index-o_Axit1x.js:5455:1811)
    at Object.tr [as cancel] (https://soars-uat-lon-webtrader-fx.celer-tech.com/assets/index-o_Axit1x.js:5455:1435)
    at https://soars-uat-lon-webtrader-fx.celer-tech.com/assets/index-o_Axit1x.js:5452:175977 @ https://soars-uat-lon-webtrader-fx.celer-tech.com/assets/index-o_Axit1x.js:19
[  148255ms] [LOG] href:https://soars-uat-lon-webtrader-fx.celer-tech.com/ @ https://soars-uat-lon-webtrader-fx.celer-tech.com/assets/index-o_Axit1x.js:19
[  148255ms] [LOG] user: @ https://soars-uat-lon-webtrader-fx.celer-tech.com/assets/index-o_Axit1x.js:19
[  148255ms] [WARNING] Error: No abort tracker found for trackId: a718f47b-f845-49e4-9061-c078d8288a3e
    at Api.abort (https://soars-uat-lon-webtrader-fx.celer-tech.com/assets/index-o_Axit1x.js:1684:1078435)
    at SagaApi.apiCallSaga (https://soars-uat-lon-webtrader-fx.celer-tech.com/assets/index-o_Axit1x.js:1684:1087762)
    at apiCallSaga.next (<anonymous>)
    at userPropertiesSaga (https://soars-uat-lon-webtrader-fx.celer-tech.com/assets/index-o_Axit1x.js:5554:168410)
    at userPropertiesSaga.next (<anonymous>)
    at withLoadingTextAndTiming (https://soars-uat-lon-webtrader-fx.celer-tech.com/assets/index-o_Axit1x.js:5554:57463)
    at withLoadingTextAndTiming.next (<anonymous>)
    at nr (https://soars-uat-lon-webtrader-fx.celer-tech.com/assets/index-o_Axit1x.js:5455:1734)
    at yr (https://soars-uat-lon-webtrader-fx.celer-tech.com/assets/index-o_Axit1x.js:5455:2443)
    at runCancelledEffect (https://soars-uat-lon-webtrader-fx.celer-tech.com/assets/index-o_Axit1x.js:5452:174786) @ https://soars-uat-lon-webtrader-fx.celer-tech.com/assets/index-o_Axit1x.js:19
[  148256ms] [LOG] href:https://soars-uat-lon-webtrader-fx.celer-tech.com/ @ https://soars-uat-lon-webtrader-fx.celer-tech.com/assets/index-o_Axit1x.js:19
[  148256ms] [LOG] user: @ https://soars-uat-lon-webtrader-fx.celer-tech.com/assets/index-o_Axit1x.js:19
[  148256ms] [WARNING] Error: [SagaApi] Request userPropertyService.findUserPropertiesByUsername with trackId a718f47b-f845-49e4-9061-c078d8288a3e cancelled
    at SagaApi.apiCallSaga (https://soars-uat-lon-webtrader-fx.celer-tech.com/assets/index-o_Axit1x.js:1684:1087780)
    at apiCallSaga.next (<anonymous>)
    at userPropertiesSaga (https://soars-uat-lon-webtrader-fx.celer-tech.com/assets/index-o_Axit1x.js:5554:168410)
    at userPropertiesSaga.next (<anonymous>)
    at withLoadingTextAndTiming (https://soars-uat-lon-webtrader-fx.celer-tech.com/assets/index-o_Axit1x.js:5554:57463)
    at withLoadingTextAndTiming.next (<anonymous>)
    at nr (https://soars-uat-lon-webtrader-fx.celer-tech.com/assets/index-o_Axit1x.js:5455:1734)
    at yr (https://soars-uat-lon-webtrader-fx.celer-tech.com/assets/index-o_Axit1x.js:5455:2443)
    at runCancelledEffect (https://soars-uat-lon-webtrader-fx.celer-tech.com/assets/index-o_Axit1x.js:5452:174786)
    at or (https://soars-uat-lon-webtrader-fx.celer-tech.com/assets/index-o_Axit1x.js:5455:2074) @ https://soars-uat-lon-webtrader-fx.celer-tech.com/assets/index-o_Axit1x.js:19
[  148256ms] [LOG] Error: [SagaApi] Request userPropertyService.findUserPropertiesByUsername with trackId a718f47b-f845-49e4-9061-c078d8288a3e cancelled
    at SagaApi.apiCallSaga (https://soars-uat-lon-webtrader-fx.celer-tech.com/assets/index-o_Axit1x.js:1684:1087780)
    at apiCallSaga.next (<anonymous>)
    at userPropertiesSaga (https://soars-uat-lon-webtrader-fx.celer-tech.com/assets/index-o_Axit1x.js:5554:168410)
    at userPropertiesSaga.next (<anonymous>)
    at withLoadingTextAndTiming (https://soars-uat-lon-webtrader-fx.celer-tech.com/assets/index-o_Axit1x.js:5554:57463)
    at withLoadingTextAndTiming.next (<anonymous>)
    at nr (https://soars-uat-lon-webtrader-fx.celer-tech.com/assets/index-o_Axit1x.js:5455:1734)
    at yr (https://soars-uat-lon-webtrader-fx.celer-tech.com/assets/index-o_Axit1x.js:5455:2443)
    at runCancelledEffect (https://soars-uat-lon-webtrader-fx.celer-tech.com/assets/index-o_Axit1x.js:5452:174786)
    at or (https://soars-uat-lon-webtrader-fx.celer-tech.com/assets/index-o_Axit1x.js:5455:2074) @ https://soars-uat-lon-webtrader-fx.celer-tech.com/assets/index-o_Axit1x.js:19
[  148256ms] [LOG] href:https://soars-uat-lon-webtrader-fx.celer-tech.com/ @ https://soars-uat-lon-webtrader-fx.celer-tech.com/assets/index-o_Axit1x.js:19
[  148256ms] [LOG] user: @ https://soars-uat-lon-webtrader-fx.celer-tech.com/assets/index-o_Axit1x.js:19
[  148256ms] [ERROR] Error: Unhandled saga error for user properties:
    at withLoadingTextAndTiming (https://soars-uat-lon-webtrader-fx.celer-tech.com/assets/index-o_Axit1x.js:5554:57490)
    at withLoadingTextAndTiming.next (<anonymous>)
    at nr (https://soars-uat-lon-webtrader-fx.celer-tech.com/assets/index-o_Axit1x.js:5455:1734)
    at yr (https://soars-uat-lon-webtrader-fx.celer-tech.com/assets/index-o_Axit1x.js:5455:2443)
    at runCancelledEffect (https://soars-uat-lon-webtrader-fx.celer-tech.com/assets/index-o_Axit1x.js:5452:174786)
    at or (https://soars-uat-lon-webtrader-fx.celer-tech.com/assets/index-o_Axit1x.js:5455:2074)
    at ar (https://soars-uat-lon-webtrader-fx.celer-tech.com/assets/index-o_Axit1x.js:5455:2583)
    at nr (https://soars-uat-lon-webtrader-fx.celer-tech.com/assets/index-o_Axit1x.js:5455:1811)
    at Object.tr [as cancel] (https://soars-uat-lon-webtrader-fx.celer-tech.com/assets/index-o_Axit1x.js:5455:1435)
    at https://soars-uat-lon-webtrader-fx.celer-tech.com/assets/index-o_Axit1x.js:5452:175977 @ https://soars-uat-lon-webtrader-fx.celer-tech.com/assets/index-o_Axit1x.js:19
[  148256ms] [LOG] href:https://soars-uat-lon-webtrader-fx.celer-tech.com/ @ https://soars-uat-lon-webtrader-fx.celer-tech.com/assets/index-o_Axit1x.js:19
[  148256ms] [LOG] user: @ https://soars-uat-lon-webtrader-fx.celer-tech.com/assets/index-o_Axit1x.js:19
[  148256ms] [ERROR] Error: [rootSaga] Fatal error
    at rootSaga (https://soars-uat-lon-webtrader-fx.celer-tech.com/assets/index-o_Axit1x.js:5554:244069)
    at rootSaga.throw (<anonymous>)
    at nr (https://soars-uat-lon-webtrader-fx.celer-tech.com/assets/index-o_Axit1x.js:5455:1537)
    at Object.yr [as cont] (https://soars-uat-lon-webtrader-fx.celer-tech.com/assets/index-o_Axit1x.js:5455:2443)
    at ur (https://soars-uat-lon-webtrader-fx.celer-tech.com/assets/index-o_Axit1x.js:5455:564)
    at zt (https://soars-uat-lon-webtrader-fx.celer-tech.com/assets/index-o_Axit1x.js:5452:175770)
    at Qt.Jt.cont (https://soars-uat-lon-webtrader-fx.celer-tech.com/assets/index-o_Axit1x.js:5452:175865)
    at nr (https://soars-uat-lon-webtrader-fx.celer-tech.com/assets/index-o_Axit1x.js:5455:1894)
    at yr (https://soars-uat-lon-webtrader-fx.celer-tech.com/assets/index-o_Axit1x.js:5455:2443)
    at Jt (https://soars-uat-lon-webtrader-fx.celer-tech.com/assets/index-o_Axit1x.js:1684:1081739) @ https://soars-uat-lon-webtrader-fx.celer-tech.com/assets/index-o_Axit1x.js:19
[  148256ms] [LOG] href:https://soars-uat-lon-webtrader-fx.celer-tech.com/ @ https://soars-uat-lon-webtrader-fx.celer-tech.com/assets/index-o_Axit1x.js:19
[  148257ms] [LOG] user: @ https://soars-uat-lon-webtrader-fx.celer-tech.com/assets/index-o_Axit1x.js:19
[  148257ms] [LOG] Error: Cancelling task: webSocketStreamSaga
    at cancelAllTasksSaga (https://soars-uat-lon-webtrader-fx.celer-tech.com/assets/index-o_Axit1x.js:5554:48361)
    at cancelAllTasksSaga.next (<anonymous>)
    at nr (https://soars-uat-lon-webtrader-fx.celer-tech.com/assets/index-o_Axit1x.js:5455:1734)
    at proc (https://soars-uat-lon-webtrader-fx.celer-tech.com/assets/index-o_Axit1x.js:5455:1485)
    at runCallEffect (https://soars-uat-lon-webtrader-fx.celer-tech.com/assets/index-o_Axit1x.js:5452:172530)
    at or (https://soars-uat-lon-webtrader-fx.celer-tech.com/assets/index-o_Axit1x.js:5455:2074)
    at ar (https://soars-uat-lon-webtrader-fx.celer-tech.com/assets/index-o_Axit1x.js:5455:2583)
    at nr (https://soars-uat-lon-webtrader-fx.celer-tech.com/assets/index-o_Axit1x.js:5455:1811)
    at Object.yr [as cont] (https://soars-uat-lon-webtrader-fx.celer-tech.com/assets/index-o_Axit1x.js:5455:2443)
    at ur (https://soars-uat-lon-webtrader-fx.celer-tech.com/assets/index-o_Axit1x.js:5455:564) @ https://soars-uat-lon-webtrader-fx.celer-tech.com/assets/index-o_Axit1x.js:19
[  148257ms] [LOG] href:https://soars-uat-lon-webtrader-fx.celer-tech.com/ @ https://soars-uat-lon-webtrader-fx.celer-tech.com/assets/index-o_Axit1x.js:19
[  148257ms] [LOG] user: @ https://soars-uat-lon-webtrader-fx.celer-tech.com/assets/index-o_Axit1x.js:19
[  148257ms] [LOG] Error: Cancelling task: saveUserPreferencesSaga
    at cancelAllTasksSaga (https://soars-uat-lon-webtrader-fx.celer-tech.com/assets/index-o_Axit1x.js:5554:48361)
    at cancelAllTasksSaga.next (<anonymous>)
    at nr (https://soars-uat-lon-webtrader-fx.celer-tech.com/assets/index-o_Axit1x.js:5455:1734)
    at yr (https://soars-uat-lon-webtrader-fx.celer-tech.com/assets/index-o_Axit1x.js:5455:2443)
    at runCancelEffect (https://soars-uat-lon-webtrader-fx.celer-tech.com/assets/index-o_Axit1x.js:5452:173726)
    at or (https://soars-uat-lon-webtrader-fx.celer-tech.com/assets/index-o_Axit1x.js:5455:2074)
    at ar (https://soars-uat-lon-webtrader-fx.celer-tech.com/assets/index-o_Axit1x.js:5455:2583)
    at nr (https://soars-uat-lon-webtrader-fx.celer-tech.com/assets/index-o_Axit1x.js:5455:1811)
    at proc (https://soars-uat-lon-webtrader-fx.celer-tech.com/assets/index-o_Axit1x.js:5455:1485)
    at runCallEffect (https://soars-uat-lon-webtrader-fx.celer-tech.com/assets/index-o_Axit1x.js:5452:172530) @ https://soars-uat-lon-webtrader-fx.celer-tech.com/assets/index-o_Axit1x.js:19
[  148257ms] [LOG] href:https://soars-uat-lon-webtrader-fx.celer-tech.com/ @ https://soars-uat-lon-webtrader-fx.celer-tech.com/assets/index-o_Axit1x.js:19
[  148257ms] [LOG] user: @ https://soars-uat-lon-webtrader-fx.celer-tech.com/assets/index-o_Axit1x.js:19
[  148257ms] [LOG] Error: Disposing resource on logout
    at onDispose (https://soars-uat-lon-webtrader-fx.celer-tech.com/assets/index-o_Axit1x.js:5554:48605)
    at ResourceManager.disposeAll (https://soars-uat-lon-webtrader-fx.celer-tech.com/assets/index-o_Axit1x.js:19:80309)
    at runCallEffect (https://soars-uat-lon-webtrader-fx.celer-tech.com/assets/index-o_Axit1x.js:5452:172455)
    at or (https://soars-uat-lon-webtrader-fx.celer-tech.com/assets/index-o_Axit1x.js:5455:2074)
    at ar (https://soars-uat-lon-webtrader-fx.celer-tech.com/assets/index-o_Axit1x.js:5455:2583)
    at nr (https://soars-uat-lon-webtrader-fx.celer-tech.com/assets/index-o_Axit1x.js:5455:1811)
    at proc (https://soars-uat-lon-webtrader-fx.celer-tech.com/assets/index-o_Axit1x.js:5455:1485)
    at runCallEffect (https://soars-uat-lon-webtrader-fx.celer-tech.com/assets/index-o_Axit1x.js:5452:172530)
    at or (https://soars-uat-lon-webtrader-fx.celer-tech.com/assets/index-o_Axit1x.js:5455:2074)
    at ar (https://soars-uat-lon-webtrader-fx.celer-tech.com/assets/index-o_Axit1x.js:5455:2583) @ https://soars-uat-lon-webtrader-fx.celer-tech.com/assets/index-o_Axit1x.js:19
[  148260ms] [LOG] %c prev state color: #9E9E9E; font-weight: bold {alertModal: Object, alerts: Object, appSettings: Object, auth: Object, autoSpreader: Object} @ https://soars-uat-lon-webtrader-fx.celer-tech.com/assets/index-o_Axit1x.js:5454
[  148260ms] [LOG] %c action     color: #03A9F4; font-weight: bold {type: @@auth/UPDATE_FETCHING_DATA, payload: Object, @@redux-saga/SAGA_ACTION: true} @ https://soars-uat-lon-webtrader-fx.celer-tech.com/assets/index-o_Axit1x.js:5454
[  148260ms] [LOG] %c next state color: #4CAF50; font-weight: bold {alertModal: Object, alerts: Object, appSettings: Object, auth: Object, autoSpreader: Object} @ https://soars-uat-lon-webtrader-fx.celer-tech.com/assets/index-o_Axit1x.js:5454
[  148260ms] [LOG] %c prev state color: #9E9E9E; font-weight: bold {alertModal: Object, alerts: Object, appSettings: Object, auth: Object, autoSpreader: Object} @ https://soars-uat-lon-webtrader-fx.celer-tech.com/assets/index-o_Axit1x.js:5454
[  148260ms] [LOG] %c action     color: #03A9F4; font-weight: bold {type: @@auth/UPDATE_FETCHING_DATA, payload: Object, @@redux-saga/SAGA_ACTION: true} @ https://soars-uat-lon-webtrader-fx.celer-tech.com/assets/index-o_Axit1x.js:5454
[  148260ms] [LOG] %c next state color: #4CAF50; font-weight: bold {alertModal: Object, alerts: Object, appSettings: Object, auth: Object, autoSpreader: Object} @ https://soars-uat-lon-webtrader-fx.celer-tech.com/assets/index-o_Axit1x.js:5454
[  148262ms] [LOG] AbortError: The operation has been aborted
    at AbortSignal.Qt (https://soars-uat-lon-webtrader-fx.celer-tech.com/assets/index-o_Axit1x.js:1666:15098)
    at https://soars-uat-lon-webtrader-fx.celer-tech.com/assets/index-o_Axit1x.js:1684:1078098
    at Api.abort (https://soars-uat-lon-webtrader-fx.celer-tech.com/assets/index-o_Axit1x.js:1684:1078384)
    at SagaApi.apiCallSaga (https://soars-uat-lon-webtrader-fx.celer-tech.com/assets/index-o_Axit1x.js:1684:1087762)
    at apiCallSaga.next (<anonymous>)
    at fixingSourcesSaga (https://soars-uat-lon-webtrader-fx.celer-tech.com/assets/index-o_Axit1x.js:5554:47864)
    at fixingSourcesSaga.next (<anonymous>)
    at withLoadingTextAndTiming (https://soars-uat-lon-webtrader-fx.celer-tech.com/assets/index-o_Axit1x.js:5554:57463)
    at withLoadingTextAndTiming.next (<anonymous>)
    at nr (https://soars-uat-lon-webtrader-fx.celer-tech.com/assets/index-o_Axit1x.js:5455:1734) @ https://soars-uat-lon-webtrader-fx.celer-tech.com/assets/index-o_Axit1x.js:19
[  148262ms] [LOG] href:https://soars-uat-lon-webtrader-fx.celer-tech.com/ @ https://soars-uat-lon-webtrader-fx.celer-tech.com/assets/index-o_Axit1x.js:19
[  148262ms] [LOG] user: @ https://soars-uat-lon-webtrader-fx.celer-tech.com/assets/index-o_Axit1x.js:19
[  148262ms] [LOG] Error: UNARY Abort Error: ConfigurationService/findAllFixingSources
    at https://soars-uat-lon-webtrader-fx.celer-tech.com/assets/index-o_Axit1x.js:1666:40486
    at async https://soars-uat-lon-webtrader-fx.celer-tech.com/assets/index-o_Axit1x.js:1666:40747
    at async https://soars-uat-lon-webtrader-fx.celer-tech.com/assets/index-o_Axit1x.js:1666:36192 @ https://soars-uat-lon-webtrader-fx.celer-tech.com/assets/index-o_Axit1x.js:19
[  148262ms] [LOG] AbortError: The operation has been aborted
    at AbortSignal.Qt (https://soars-uat-lon-webtrader-fx.celer-tech.com/assets/index-o_Axit1x.js:1666:15098)
    at https://soars-uat-lon-webtrader-fx.celer-tech.com/assets/index-o_Axit1x.js:1684:1078098
    at Api.abort (https://soars-uat-lon-webtrader-fx.celer-tech.com/assets/index-o_Axit1x.js:1684:1078384)
    at SagaApi.apiCallSaga (https://soars-uat-lon-webtrader-fx.celer-tech.com/assets/index-o_Axit1x.js:1684:1087762)
    at apiCallSaga.next (<anonymous>)
    at userAccountsAndTypePropertySaga (https://soars-uat-lon-webtrader-fx.celer-tech.com/assets/index-o_Axit1x.js:5554:156804)
    at userAccountsAndTypePropertySaga.next (<anonymous>)
    at withLoadingTextAndTiming (https://soars-uat-lon-webtrader-fx.celer-tech.com/assets/index-o_Axit1x.js:5554:57463)
    at withLoadingTextAndTiming.next (<anonymous>)
    at nr (https://soars-uat-lon-webtrader-fx.celer-tech.com/assets/index-o_Axit1x.js:5455:1734) @ https://soars-uat-lon-webtrader-fx.celer-tech.com/assets/index-o_Axit1x.js:19
[  148262ms] [LOG] href:https://soars-uat-lon-webtrader-fx.celer-tech.com/ @ https://soars-uat-lon-webtrader-fx.celer-tech.com/assets/index-o_Axit1x.js:19
[  148262ms] [LOG] user: @ https://soars-uat-lon-webtrader-fx.celer-tech.com/assets/index-o_Axit1x.js:19
[  148262ms] [LOG] Error: UNARY Abort Error: AccountPropertyService/findAssignedAccountPropertiesByKey
    at https://soars-uat-lon-webtrader-fx.celer-tech.com/assets/index-o_Axit1x.js:1666:40486
    at async https://soars-uat-lon-webtrader-fx.celer-tech.com/assets/index-o_Axit1x.js:1666:40747
    at async https://soars-uat-lon-webtrader-fx.celer-tech.com/assets/index-o_Axit1x.js:1666:36192 @ https://soars-uat-lon-webtrader-fx.celer-tech.com/assets/index-o_Axit1x.js:19
[  148262ms] [LOG] AbortError: The operation has been aborted
    at AbortSignal.Qt (https://soars-uat-lon-webtrader-fx.celer-tech.com/assets/index-o_Axit1x.js:1666:15098)
    at https://soars-uat-lon-webtrader-fx.celer-tech.com/assets/index-o_Axit1x.js:1684:1078098
    at Api.abort (https://soars-uat-lon-webtrader-fx.celer-tech.com/assets/index-o_Axit1x.js:1684:1078384)
    at SagaApi.apiCallSaga (https://soars-uat-lon-webtrader-fx.celer-tech.com/assets/index-o_Axit1x.js:1684:1087762)
    at apiCallSaga.next (<anonymous>)
    at exchangesSaga (https://soars-uat-lon-webtrader-fx.celer-tech.com/assets/index-o_Axit1x.js:5554:47713)
    at exchangesSaga.next (<anonymous>)
    at withLoadingTextAndTiming (https://soars-uat-lon-webtrader-fx.celer-tech.com/assets/index-o_Axit1x.js:5554:57463)
    at withLoadingTextAndTiming.next (<anonymous>)
    at nr (https://soars-uat-lon-webtrader-fx.celer-tech.com/assets/index-o_Axit1x.js:5455:1734) @ https://soars-uat-lon-webtrader-fx.celer-tech.com/assets/index-o_Axit1x.js:19
[  148263ms] [LOG] href:https://soars-uat-lon-webtrader-fx.celer-tech.com/ @ https://soars-uat-lon-webtrader-fx.celer-tech.com/assets/index-o_Axit1x.js:19
[  148263ms] [LOG] user: @ https://soars-uat-lon-webtrader-fx.celer-tech.com/assets/index-o_Axit1x.js:19
[  148263ms] [LOG] Error: UNARY Abort Error: ExchangeService/findAllExchanges
    at https://soars-uat-lon-webtrader-fx.celer-tech.com/assets/index-o_Axit1x.js:1666:40486
    at async https://soars-uat-lon-webtrader-fx.celer-tech.com/assets/index-o_Axit1x.js:1666:40747
    at async https://soars-uat-lon-webtrader-fx.celer-tech.com/assets/index-o_Axit1x.js:1666:36192 @ https://soars-uat-lon-webtrader-fx.celer-tech.com/assets/index-o_Axit1x.js:19
[  148263ms] [LOG] AbortError: The operation has been aborted
    at AbortSignal.Qt (https://soars-uat-lon-webtrader-fx.celer-tech.com/assets/index-o_Axit1x.js:1666:15098)
    at https://soars-uat-lon-webtrader-fx.celer-tech.com/assets/index-o_Axit1x.js:1684:1078098
    at Api.abort (https://soars-uat-lon-webtrader-fx.celer-tech.com/assets/index-o_Axit1x.js:1684:1078384)
    at SagaApi.apiCallSaga (https://soars-uat-lon-webtrader-fx.celer-tech.com/assets/index-o_Axit1x.js:1684:1087762)
    at apiCallSaga.next (<anonymous>)
    at pricesSaga (https://soars-uat-lon-webtrader-fx.celer-tech.com/assets/index-o_Axit1x.js:5554:153539)
    at pricesSaga.next (<anonymous>)
    at withLoadingTextAndTiming (https://soars-uat-lon-webtrader-fx.celer-tech.com/assets/index-o_Axit1x.js:5554:57463)
    at withLoadingTextAndTiming.next (<anonymous>)
    at nr (https://soars-uat-lon-webtrader-fx.celer-tech.com/assets/index-o_Axit1x.js:5455:1734) @ https://soars-uat-lon-webtrader-fx.celer-tech.com/assets/index-o_Axit1x.js:19
[  148263ms] [LOG] href:https://soars-uat-lon-webtrader-fx.celer-tech.com/ @ https://soars-uat-lon-webtrader-fx.celer-tech.com/assets/index-o_Axit1x.js:19
[  148263ms] [LOG] user: @ https://soars-uat-lon-webtrader-fx.celer-tech.com/assets/index-o_Axit1x.js:19
[  148263ms] [LOG] Error: UNARY Abort Error: MarketDataService/subscribeToPrices
    at https://soars-uat-lon-webtrader-fx.celer-tech.com/assets/index-o_Axit1x.js:1666:40486
    at async https://soars-uat-lon-webtrader-fx.celer-tech.com/assets/index-o_Axit1x.js:1666:40747
    at async https://soars-uat-lon-webtrader-fx.celer-tech.com/assets/index-o_Axit1x.js:1666:36192 @ https://soars-uat-lon-webtrader-fx.celer-tech.com/assets/index-o_Axit1x.js:19
[  148263ms] [LOG] AbortError: The operation has been aborted
    at AbortSignal.Qt (https://soars-uat-lon-webtrader-fx.celer-tech.com/assets/index-o_Axit1x.js:1666:15098)
    at https://soars-uat-lon-webtrader-fx.celer-tech.com/assets/index-o_Axit1x.js:1684:1078831
    at Set.forEach (<anonymous>)
    at Api.dispose (https://soars-uat-lon-webtrader-fx.celer-tech.com/assets/index-o_Axit1x.js:1684:1078818)
    at ResourceManager.disposeAll (https://soars-uat-lon-webtrader-fx.celer-tech.com/assets/index-o_Axit1x.js:19:80290)
    at runCallEffect (https://soars-uat-lon-webtrader-fx.celer-tech.com/assets/index-o_Axit1x.js:5452:172455)
    at or (https://soars-uat-lon-webtrader-fx.celer-tech.com/assets/index-o_Axit1x.js:5455:2074)
    at ar (https://soars-uat-lon-webtrader-fx.celer-tech.com/assets/index-o_Axit1x.js:5455:2583)
    at nr (https://soars-uat-lon-webtrader-fx.celer-tech.com/assets/index-o_Axit1x.js:5455:1811)
    at proc (https://soars-uat-lon-webtrader-fx.celer-tech.com/assets/index-o_Axit1x.js:5455:1485) @ https://soars-uat-lon-webtrader-fx.celer-tech.com/assets/index-o_Axit1x.js:19
[  148263ms] [LOG] href:https://soars-uat-lon-webtrader-fx.celer-tech.com/ @ https://soars-uat-lon-webtrader-fx.celer-tech.com/assets/index-o_Axit1x.js:19
[  148263ms] [LOG] user: @ https://soars-uat-lon-webtrader-fx.celer-tech.com/assets/index-o_Axit1x.js:19
[  148263ms] [LOG] Error: UNARY Abort Error: DestinationService/findAllDestinationSchemaRequest
    at https://soars-uat-lon-webtrader-fx.celer-tech.com/assets/index-o_Axit1x.js:1666:40486
    at async https://soars-uat-lon-webtrader-fx.celer-tech.com/assets/index-o_Axit1x.js:1666:40747
    at async https://soars-uat-lon-webtrader-fx.celer-tech.com/assets/index-o_Axit1x.js:1666:36192 @ https://soars-uat-lon-webtrader-fx.celer-tech.com/assets/index-o_Axit1x.js:19
[  148263ms] [LOG] AbortError: The operation has been aborted
    at AbortSignal.Qt (https://soars-uat-lon-webtrader-fx.celer-tech.com/assets/index-o_Axit1x.js:1666:15098)
    at https://soars-uat-lon-webtrader-fx.celer-tech.com/assets/index-o_Axit1x.js:1684:1078831
    at Set.forEach (<anonymous>)
    at Api.dispose (https://soars-uat-lon-webtrader-fx.celer-tech.com/assets/index-o_Axit1x.js:1684:1078818)
    at ResourceManager.disposeAll (https://soars-uat-lon-webtrader-fx.celer-tech.com/assets/index-o_Axit1x.js:19:80290)
    at runCallEffect (https://soars-uat-lon-webtrader-fx.celer-tech.com/assets/index-o_Axit1x.js:5452:172455)
    at or (https://soars-uat-lon-webtrader-fx.celer-tech.com/assets/index-o_Axit1x.js:5455:2074)
    at ar (https://soars-uat-lon-webtrader-fx.celer-tech.com/assets/index-o_Axit1x.js:5455:2583)
    at nr (https://soars-uat-lon-webtrader-fx.celer-tech.com/assets/index-o_Axit1x.js:5455:1811)
    at proc (https://soars-uat-lon-webtrader-fx.celer-tech.com/assets/index-o_Axit1x.js:5455:1485) @ https://soars-uat-lon-webtrader-fx.celer-tech.com/assets/index-o_Axit1x.js:19
[  148263ms] [LOG] href:https://soars-uat-lon-webtrader-fx.celer-tech.com/ @ https://soars-uat-lon-webtrader-fx.celer-tech.com/assets/index-o_Axit1x.js:19
[  148263ms] [LOG] user: @ https://soars-uat-lon-webtrader-fx.celer-tech.com/assets/index-o_Axit1x.js:19
[  148263ms] [LOG] Error: UNARY Abort Error: DestinationService/findAllDestinations
    at https://soars-uat-lon-webtrader-fx.celer-tech.com/assets/index-o_Axit1x.js:1666:40486
    at async https://soars-uat-lon-webtrader-fx.celer-tech.com/assets/index-o_Axit1x.js:1666:40747
    at async https://soars-uat-lon-webtrader-fx.celer-tech.com/assets/index-o_Axit1x.js:1666:36192 @ https://soars-uat-lon-webtrader-fx.celer-tech.com/assets/index-o_Axit1x.js:19
[  148263ms] [LOG] href:https://soars-uat-lon-webtrader-fx.celer-tech.com/ @ https://soars-uat-lon-webtrader-fx.celer-tech.com/assets/index-o_Axit1x.js:19
[  148263ms] [LOG] user: @ https://soars-uat-lon-webtrader-fx.celer-tech.com/assets/index-o_Axit1x.js:19
[  148263ms] [ERROR] AbortError: The operation has been aborted
    at AbortSignal.Qt (https://soars-uat-lon-webtrader-fx.celer-tech.com/assets/index-o_Axit1x.js:1666:15098)
    at https://soars-uat-lon-webtrader-fx.celer-tech.com/assets/index-o_Axit1x.js:1684:1078098
    at Api.abort (https://soars-uat-lon-webtrader-fx.celer-tech.com/assets/index-o_Axit1x.js:1684:1078384)
    at SagaApi.apiCallSaga (https://soars-uat-lon-webtrader-fx.celer-tech.com/assets/index-o_Axit1x.js:1684:1087762)
    at apiCallSaga.next (<anonymous>)
    at fixingSourcesSaga (https://soars-uat-lon-webtrader-fx.celer-tech.com/assets/index-o_Axit1x.js:5554:47864)
    at fixingSourcesSaga.next (<anonymous>)
    at withLoadingTextAndTiming (https://soars-uat-lon-webtrader-fx.celer-tech.com/assets/index-o_Axit1x.js:5554:57463)
    at withLoadingTextAndTiming.next (<anonymous>)
    at nr (https://soars-uat-lon-webtrader-fx.celer-tech.com/assets/index-o_Axit1x.js:5455:1734) @ https://soars-uat-lon-webtrader-fx.celer-tech.com/assets/index-o_Axit1x.js:19
[  148263ms] [LOG] href:https://soars-uat-lon-webtrader-fx.celer-tech.com/ @ https://soars-uat-lon-webtrader-fx.celer-tech.com/assets/index-o_Axit1x.js:19
[  148263ms] [LOG] user: @ https://soars-uat-lon-webtrader-fx.celer-tech.com/assets/index-o_Axit1x.js:19
[  148263ms] [ERROR] AbortError: The operation has been aborted
    at AbortSignal.Qt (https://soars-uat-lon-webtrader-fx.celer-tech.com/assets/index-o_Axit1x.js:1666:15098)
    at https://soars-uat-lon-webtrader-fx.celer-tech.com/assets/index-o_Axit1x.js:1684:1078098
    at Api.abort (https://soars-uat-lon-webtrader-fx.celer-tech.com/assets/index-o_Axit1x.js:1684:1078384)
    at SagaApi.apiCallSaga (https://soars-uat-lon-webtrader-fx.celer-tech.com/assets/index-o_Axit1x.js:1684:1087762)
    at apiCallSaga.next (<anonymous>)
    at userAccountsAndTypePropertySaga (https://soars-uat-lon-webtrader-fx.celer-tech.com/assets/index-o_Axit1x.js:5554:156804)
    at userAccountsAndTypePropertySaga.next (<anonymous>)
    at withLoadingTextAndTiming (https://soars-uat-lon-webtrader-fx.celer-tech.com/assets/index-o_Axit1x.js:5554:57463)
    at withLoadingTextAndTiming.next (<anonymous>)
    at nr (https://soars-uat-lon-webtrader-fx.celer-tech.com/assets/index-o_Axit1x.js:5455:1734) @ https://soars-uat-lon-webtrader-fx.celer-tech.com/assets/index-o_Axit1x.js:19
[  148263ms] [LOG] href:https://soars-uat-lon-webtrader-fx.celer-tech.com/ @ https://soars-uat-lon-webtrader-fx.celer-tech.com/assets/index-o_Axit1x.js:19
[  148263ms] [LOG] user: @ https://soars-uat-lon-webtrader-fx.celer-tech.com/assets/index-o_Axit1x.js:19
[  148263ms] [ERROR] AbortError: The operation has been aborted
    at AbortSignal.Qt (https://soars-uat-lon-webtrader-fx.celer-tech.com/assets/index-o_Axit1x.js:1666:15098)
    at https://soars-uat-lon-webtrader-fx.celer-tech.com/assets/index-o_Axit1x.js:1684:1078098
    at Api.abort (https://soars-uat-lon-webtrader-fx.celer-tech.com/assets/index-o_Axit1x.js:1684:1078384)
    at SagaApi.apiCallSaga (https://soars-uat-lon-webtrader-fx.celer-tech.com/assets/index-o_Axit1x.js:1684:1087762)
    at apiCallSaga.next (<anonymous>)
    at exchangesSaga (https://soars-uat-lon-webtrader-fx.celer-tech.com/assets/index-o_Axit1x.js:5554:47713)
    at exchangesSaga.next (<anonymous>)
    at withLoadingTextAndTiming (https://soars-uat-lon-webtrader-fx.celer-tech.com/assets/index-o_Axit1x.js:5554:57463)
    at withLoadingTextAndTiming.next (<anonymous>)
    at nr (https://soars-uat-lon-webtrader-fx.celer-tech.com/assets/index-o_Axit1x.js:5455:1734) @ https://soars-uat-lon-webtrader-fx.celer-tech.com/assets/index-o_Axit1x.js:19
[  148263ms] [LOG] href:https://soars-uat-lon-webtrader-fx.celer-tech.com/ @ https://soars-uat-lon-webtrader-fx.celer-tech.com/assets/index-o_Axit1x.js:19
[  148263ms] [LOG] user: @ https://soars-uat-lon-webtrader-fx.celer-tech.com/assets/index-o_Axit1x.js:19
[  148263ms] [ERROR] AbortError: The operation has been aborted
    at AbortSignal.Qt (https://soars-uat-lon-webtrader-fx.celer-tech.com/assets/index-o_Axit1x.js:1666:15098)
    at https://soars-uat-lon-webtrader-fx.celer-tech.com/assets/index-o_Axit1x.js:1684:1078098
    at Api.abort (https://soars-uat-lon-webtrader-fx.celer-tech.com/assets/index-o_Axit1x.js:1684:1078384)
    at SagaApi.apiCallSaga (https://soars-uat-lon-webtrader-fx.celer-tech.com/assets/index-o_Axit1x.js:1684:1087762)
    at apiCallSaga.next (<anonymous>)
    at pricesSaga (https://soars-uat-lon-webtrader-fx.celer-tech.com/assets/index-o_Axit1x.js:5554:153539)
    at pricesSaga.next (<anonymous>)
    at withLoadingTextAndTiming (https://soars-uat-lon-webtrader-fx.celer-tech.com/assets/index-o_Axit1x.js:5554:57463)
    at withLoadingTextAndTiming.next (<anonymous>)
    at nr (https://soars-uat-lon-webtrader-fx.celer-tech.com/assets/index-o_Axit1x.js:5455:1734) @ https://soars-uat-lon-webtrader-fx.celer-tech.com/assets/index-o_Axit1x.js:19
[  148263ms] [LOG] href:https://soars-uat-lon-webtrader-fx.celer-tech.com/ @ https://soars-uat-lon-webtrader-fx.celer-tech.com/assets/index-o_Axit1x.js:19
[  148263ms] [LOG] user: @ https://soars-uat-lon-webtrader-fx.celer-tech.com/assets/index-o_Axit1x.js:19
[  148263ms] [ERROR] AbortError: The operation has been aborted
    at AbortSignal.Qt (https://soars-uat-lon-webtrader-fx.celer-tech.com/assets/index-o_Axit1x.js:1666:15098)
    at https://soars-uat-lon-webtrader-fx.celer-tech.com/assets/index-o_Axit1x.js:1684:1078831
    at Set.forEach (<anonymous>)
    at Api.dispose (https://soars-uat-lon-webtrader-fx.celer-tech.com/assets/index-o_Axit1x.js:1684:1078818)
    at ResourceManager.disposeAll (https://soars-uat-lon-webtrader-fx.celer-tech.com/assets/index-o_Axit1x.js:19:80290)
    at runCallEffect (https://soars-uat-lon-webtrader-fx.celer-tech.com/assets/index-o_Axit1x.js:5452:172455)
    at or (https://soars-uat-lon-webtrader-fx.celer-tech.com/assets/index-o_Axit1x.js:5455:2074)
    at ar (https://soars-uat-lon-webtrader-fx.celer-tech.com/assets/index-o_Axit1x.js:5455:2583)
    at nr (https://soars-uat-lon-webtrader-fx.celer-tech.com/assets/index-o_Axit1x.js:5455:1811)
    at proc (https://soars-uat-lon-webtrader-fx.celer-tech.com/assets/index-o_Axit1x.js:5455:1485) @ https://soars-uat-lon-webtrader-fx.celer-tech.com/assets/index-o_Axit1x.js:19
[  148264ms] [ERROR] Failed to load resource: the server responded with a status of 504 () @ https://soars-uat-lon-webtrader-fx.celer-tech.com/com.celertech.orderrouting.api.destination.DestinationService/findAllDestinationSchemaRequest:0
[  148264ms] [ERROR] Failed to load resource: the server responded with a status of 504 () @ https://soars-uat-lon-webtrader-fx.celer-tech.com/com.celertech.orderrouting.api.destination.DestinationService/findAllDestinations:0
[  148264ms] [ERROR] Failed to load resource: the server responded with a status of 504 () @ https://soars-uat-lon-webtrader-fx.celer-tech.com/com.celertech.staticdata.api.configuration.ConfigurationService/findAllFixingSources:0
[  148264ms] [ERROR] Failed to load resource: the server responded with a status of 504 () @ https://soars-uat-lon-webtrader-fx.celer-tech.com/com.celertech.staticdata.api.account.property.AccountPropertyService/findAssignedAccountPropertiesByKey:0
[  148264ms] [ERROR] Failed to load resource: the server responded with a status of 504 () @ https://soars-uat-lon-webtrader-fx.celer-tech.com/com.celertech.staticdata.api.exchange.ExchangeService/findAllExchanges:0
